{
    "pos_ratios": {
        "ADV": 0.020830233596191045,
        "VERB": 0.19848236869513466,
        "NOUN": 0.5331051926796607,
        "ADJ": 0.11724445766998959,
        "ADP": 0.005207558399047761,
        "PRON": 0.00074393691414968,
        "PROPN": 0.11590537122452016,
        "AUX": 0.004017259336408272,
        "SCONJ": 0.0008927242969796162,
        "INTJ": 0.0008927242969796162,
        "X": 0.0005951495313197441,
        "CCONJ": 0.00074393691414968,
        "NUM": 0.00074393691414968,
        "DET": 0.0004463621484898081,
        "SPACE": 0.00014878738282993602
    },
    "word_length_distributions": {
        "nouns": {
            "3": 274,
            "4": 798,
            "5": 732,
            "6": 601,
            "7": 473,
            "8": 316,
            "9": 174,
            "10": 108,
            "11": 57,
            "12": 29,
            "13": 15,
            "14": 4,
            "15": 1,
            "17": 1
        },
        "verbs": {
            "3": 76,
            "4": 147,
            "5": 342,
            "6": 221,
            "7": 185,
            "8": 161,
            "9": 115,
            "10": 54,
            "11": 20,
            "12": 8,
            "13": 5
        },
        "adjectives": {
            "3": 99,
            "4": 110,
            "5": 156,
            "6": 150,
            "7": 78,
            "8": 88,
            "9": 44,
            "10": 39,
            "11": 12,
            "12": 10,
            "13": 1,
            "14": 1
        },
        "adverbs": {
            "3": 14,
            "4": 17,
            "5": 19,
            "6": 23,
            "7": 21,
            "8": 21,
            "9": 10,
            "10": 9,
            "11": 3,
            "12": 3
        }
    },
    "most_common_words": {
        "built": 167,
        "table": 76,
        "diy": 56,
        "old": 55,
        "build": 49,
        "wall": 44,
        "project": 42,
        "wife": 41,
        "turned": 39,
        "wood": 38,
        "year": 32,
        "room": 31,
        "house": 30,
        "home": 30,
        "coffee": 29,
        "desk": 29,
        "bathroom": 27,
        "kitchen": 27,
        "like": 24,
        "months": 24,
        "time": 23,
        "wanted": 23,
        "took": 23,
        "custom": 22,
        "reddit": 22,
        "finished": 22,
        "converted": 21,
        "son": 21,
        "new": 21,
        "bed": 20
    },
    "most_common_nouns": {
        "table": 76,
        "project": 42,
        "wife": 39,
        "wood": 37,
        "year": 32,
        "room": 31,
        "wall": 31,
        "coffee": 28,
        "desk": 27,
        "bathroom": 26,
        "home": 26,
        "time": 23,
        "months": 23,
        "build": 21,
        "kitchen": 21,
        "son": 20,
        "custom": 19,
        "bed": 17,
        "ring": 17,
        "reddit": 16,
        "years": 15,
        "birthday": 15,
        "computer": 15,
        "gift": 14,
        "basement": 14,
        "way": 14,
        "life": 13,
        "floor": 13,
        "office": 13,
        "dog": 13
    },
    "most_common_verbs": {
        "built": 167,
        "turned": 39,
        "build": 26,
        "took": 23,
        "wanted": 22,
        "converted": 21,
        "finished": 20,
        "decided": 17,
        "restored": 15,
        "bought": 13,
        "led": 13,
        "got": 11,
        "inspired": 11,
        "found": 11,
        "making": 10,
        "floating": 10,
        "installed": 9,
        "spent": 8,
        "hidden": 8,
        "printed": 8,
        "renovated": 8,
        "needed": 7,
        "ask": 7,
        "replaced": 7,
        "asked": 7,
        "loves": 6,
        "thought": 6,
        "refinished": 6,
        "carved": 6,
        "set": 6
    },
    "most_common_adjectives": {
        "old": 53,
        "new": 19,
        "little": 13,
        "cheap": 13,
        "wooden": 11,
        "complete": 11,
        "giant": 11,
        "modern": 9,
        "great": 9,
        "concrete": 9,
        "small": 9,
        "secret": 8,
        "simple": 8,
        "tiny": 8,
        "live": 7,
        "functional": 6,
        "free": 6,
        "mid": 6,
        "smart": 6,
        "reddit": 6,
        "entire": 6,
        "long": 5,
        "low": 5,
        "major": 5,
        "big": 5,
        "future": 5,
        "classic": 5,
        "right": 5,
        "best": 4,
        "poly": 4
    },
    "most_common_adverbs": {
        "finally": 10,
        "instead": 7,
        "ago": 6,
        "fully": 5,
        "far": 5,
        "completely": 5,
        "recently": 4,
        "pretty": 4,
        "nearly": 4,
        "entirely": 3,
        "easy": 3,
        "online": 3,
        "kinda": 3,
        "away": 3,
        "sure": 2,
        "subreddit": 2,
        "actually": 2,
        "way": 2,
        "secretly": 2,
        "probably": 2,
        "hopefully": 2,
        "officially": 2,
        "soon": 2,
        "barely": 2,
        "slowly": 2,
        "instantly": 1,
        "outdoors": 1,
        "normally": 1,
        "perfectly": 1,
        "home": 1
    },
    "most_common_bigrams": {
        "coffee table": 25,
        "year old": 18,
        "pallet wood": 10,
        "pizza oven": 9,
        "living room": 8,
        "desk built": 7,
        "table built": 7,
        "bathroom remodel": 6,
        "mid century": 6,
        "built computer": 6
    },
    "most_common_trigrams": {
        "coffee table built": 3,
        "dining room table": 3,
        "fixed year old": 3,
        "iron throne phone": 2,
        "throne phone charger": 2,
        "low poly picture": 2,
        "major woodworking project": 2,
        "converted rusty cargo": 2,
        "rusty cargo van": 2,
        "complete bathroom remodel": 2
    }
}