{
    "pos_ratios": {
        "VERB": 0.14719533218406047,
        "NOUN": 0.3366927463201167,
        "ADJ": 0.1241214693011537,
        "PROPN": 0.35194271316801484,
        "ADV": 0.02439994695663705,
        "ADP": 0.009149980108738895,
        "AUX": 0.0027847765548335763,
        "INTJ": 0.001193475666357247,
        "SCONJ": 0.0018565177032223842,
        "NUM": 0.0005304336294921098,
        "PART": 0.00013260840737302744
    },
    "word_length_distributions": {
        "nouns": {
            "3": 161,
            "4": 564,
            "5": 484,
            "6": 492,
            "7": 336,
            "8": 189,
            "9": 141,
            "10": 91,
            "11": 59,
            "12": 7,
            "13": 3,
            "14": 11,
            "20": 1
        },
        "verbs": {
            "3": 65,
            "4": 229,
            "5": 199,
            "6": 200,
            "7": 206,
            "8": 95,
            "9": 50,
            "10": 24,
            "11": 37,
            "12": 4,
            "13": 1
        },
        "adjectives": {
            "3": 46,
            "4": 142,
            "5": 222,
            "6": 120,
            "7": 121,
            "8": 145,
            "9": 85,
            "10": 33,
            "11": 13,
            "12": 2,
            "13": 6,
            "14": 1
        },
        "adverbs": {
            "3": 19,
            "4": 27,
            "5": 21,
            "6": 13,
            "7": 36,
            "8": 23,
            "9": 19,
            "10": 15,
            "11": 6,
            "12": 3,
            "13": 1,
            "14": 1
        }
    },
    "most_common_words": {
        "park": 129,
        "national": 117,
        "lake": 101,
        "yosemite": 85,
        "oregon": 58,
        "sunrise": 55,
        "iceland": 53,
        "sunset": 51,
        "beautiful": 50,
        "morning": 44,
        "shot": 43,
        "new": 42,
        "washington": 40,
        "like": 38,
        "mountain": 36,
        "valley": 35,
        "took": 34,
        "way": 34,
        "light": 33,
        "mountains": 33,
        "canada": 32,
        "day": 31,
        "photo": 31,
        "coast": 31,
        "canyon": 31,
        "milky": 30,
        "best": 29,
        "mount": 29,
        "norway": 29,
        "got": 28
    },
    "most_common_nouns": {
        "sunrise": 45,
        "sunset": 39,
        "morning": 35,
        "lake": 35,
        "way": 34,
        "day": 30,
        "iceland": 29,
        "park": 26,
        "view": 25,
        "mountain": 22,
        "mountains": 22,
        "snow": 22,
        "place": 21,
        "night": 21,
        "winter": 21,
        "clouds": 19,
        "yosemite": 19,
        "years": 18,
        "canyon": 18,
        "picture": 17,
        "tree": 17,
        "forest": 17,
        "year": 16,
        "light": 16,
        "shot": 16,
        "trail": 16,
        "photo": 16,
        "trees": 15,
        "hood": 15,
        "time": 15
    },
    "most_common_verbs": {
        "took": 34,
        "seen": 27,
        "got": 24,
        "falls": 19,
        "shot": 19,
        "taken": 18,
        "looking": 16,
        "went": 15,
        "found": 13,
        "looks": 13,
        "saw": 12,
        "helens": 11,
        "drove": 11,
        "woke": 9,
        "netherlands": 9,
        "hiked": 8,
        "getting": 8,
        "reflecting": 8,
        "captured": 7,
        "rising": 7,
        "stop": 7,
        "waited": 7,
        "setting": 7,
        "walking": 7,
        "seeing": 7,
        "let": 6,
        "going": 6,
        "witnessed": 6,
        "taking": 6,
        "hiking": 6
    },
    "most_common_adjectives": {
        "beautiful": 42,
        "milky": 30,
        "national": 29,
        "best": 21,
        "favorite": 20,
        "worth": 20,
        "incredible": 15,
        "amazing": 15,
        "grand": 11,
        "yosemite": 11,
        "light": 11,
        "magical": 11,
        "blue": 10,
        "lucky": 10,
        "old": 10,
        "early": 10,
        "northern": 9,
        "reddit": 8,
        "little": 8,
        "right": 8,
        "clear": 8,
        "wild": 8,
        "perfect": 8,
        "rare": 7,
        "new": 7,
        "black": 7,
        "natural": 7,
        "net": 6,
        "dark": 6,
        "long": 6
    },
    "most_common_adverbs": {
        "finally": 19,
        "ago": 12,
        "perfectly": 7,
        "best": 7,
        "probably": 6,
        "far": 6,
        "away": 5,
        "truly": 5,
        "actually": 5,
        "pretty": 4,
        "recently": 3,
        "instead": 3,
        "completely": 3,
        "definitely": 3,
        "sure": 3,
        "later": 3,
        "clear": 2,
        "permanently": 2,
        "straight": 2,
        "super": 2,
        "early": 2,
        "possibly": 2,
        "real": 2,
        "rarely": 2,
        "currently": 2,
        "home": 2,
        "longer": 2,
        "totally": 2,
        "literally": 2,
        "hauntingly": 2
    },
    "most_common_bigrams": {
        "national park": 109,
        "yosemite national": 28,
        "milky way": 28,
        "new zealand": 23,
        "oregon coast": 15,
        "glacier national": 11,
        "park california": 11,
        "yosemite valley": 11,
        "looks like": 10,
        "kauai hawaii": 9
    },
    "most_common_trigrams": {
        "yosemite national park": 28,
        "glacier national park": 11,
        "national park california": 11,
        "zion national park": 7,
        "acadia national park": 7,
        "olympic national park": 6,
        "banff national park": 6,
        "isle skye scotland": 6,
        "rainier national park": 5,
        "wanaka new zealand": 5
    }
}