{
    "pos_ratios": {
        "PROPN": 0.28272656855151046,
        "NOUN": 0.43730097254496947,
        "VERB": 0.14794732765298219,
        "ADP": 0.003012307427489457,
        "ADV": 0.008950856355968671,
        "ADJ": 0.10388157328513642,
        "AUX": 0.0018073844564936742,
        "NUM": 0.012737757121955419,
        "INTJ": 0.0010327911179963851,
        "CCONJ": 0.00017213185299939755,
        "DET": 8.606592649969878e-05,
        "X": 0.00017213185299939755,
        "SCONJ": 8.606592649969878e-05,
        "PRON": 8.606592649969878e-05
    },
    "word_length_distributions": {
        "nouns": {
            "3": 422,
            "4": 968,
            "5": 891,
            "6": 1126,
            "7": 604,
            "8": 401,
            "9": 156,
            "10": 157,
            "11": 274,
            "12": 20,
            "13": 24,
            "14": 5,
            "15": 3,
            "16": 29,
            "26": 1
        },
        "verbs": {
            "3": 52,
            "4": 300,
            "5": 285,
            "6": 194,
            "7": 496,
            "8": 224,
            "9": 94,
            "10": 37,
            "11": 19,
            "12": 15,
            "13": 1,
            "14": 2
        },
        "adjectives": {
            "3": 194,
            "4": 91,
            "5": 259,
            "6": 246,
            "7": 98,
            "8": 242,
            "9": 35,
            "10": 17,
            "11": 11,
            "12": 2,
            "13": 8,
            "14": 4
        },
        "adverbs": {
            "3": 10,
            "4": 11,
            "5": 13,
            "6": 4,
            "7": 16,
            "8": 16,
            "9": 11,
            "10": 13,
            "11": 3,
            "12": 3,
            "13": 2,
            "14": 2
        }
    },
    "most_common_words": {
        "anime": 472,
        "season": 326,
        "episode": 299,
        "visual": 172,
        "final": 161,
        "attack": 151,
        "zero": 136,
        "titan": 116,
        "source": 106,
        "kaguya": 105,
        "found": 102,
        "official": 99,
        "post": 98,
        "new": 97,
        "shingeki": 95,
        "seen": 95,
        "streams": 95,
        "information": 95,
        "discussions": 95,
        "code": 95,
        "sama": 94,
        "perl": 94,
        "bin": 94,
        "created": 94,
        "comments": 94,
        "original": 94,
        "discussion": 93,
        "message": 93,
        "team": 93,
        "holo": 93
    },
    "most_common_nouns": {
        "season": 310,
        "anime": 252,
        "episode": 246,
        "source": 106,
        "attack": 97,
        "discussions": 95,
        "perl": 94,
        "message": 93,
        "team": 93,
        "code": 93,
        "plot": 92,
        "feedback": 92,
        "reminder": 91,
        "points": 91,
        "follow": 91,
        "rules": 91,
        "ban": 91,
        "bot": 89,
        "rate": 85,
        "discussion": 77,
        "information": 76,
        "post": 75,
        "names": 72,
        "alternative": 69,
        "streams": 68,
        "life": 65,
        "man": 59,
        "world": 39,
        "spy": 32,
        "time": 30
    },
    "most_common_verbs": {
        "found": 102,
        "seen": 95,
        "created": 94,
        "comments": 92,
        "discuss": 91,
        "skipped": 91,
        "failing": 91,
        "result": 91,
        "shows": 53,
        "starting": 48,
        "drew": 43,
        "announced": 33,
        "post": 23,
        "anime": 19,
        "maid": 16,
        "got": 14,
        "read": 13,
        "reincarnated": 12,
        "confirming": 11,
        "denying": 11,
        "kill": 9,
        "thank": 8,
        "look": 8,
        "wants": 7,
        "animated": 7,
        "want": 6,
        "ranking": 6,
        "rising": 5,
        "finished": 5,
        "looks": 5
    },
    "most_common_adjectives": {
        "final": 159,
        "visual": 151,
        "original": 94,
        "key": 88,
        "new": 84,
        "official": 59,
        "mushoku": 19,
        "previous": 16,
        "tensei": 16,
        "jobless": 15,
        "chainsaw": 14,
        "romantic": 14,
        "grand": 12,
        "anime": 11,
        "fanart": 10,
        "flat": 8,
        "best": 8,
        "favorite": 8,
        "kyoto": 7,
        "special": 6,
        "old": 6,
        "available": 6,
        "beautiful": 6,
        "different": 6,
        "silent": 6,
        "second": 6,
        "mal": 6,
        "quick": 6,
        "cour": 6,
        "japanese": 6
    },
    "most_common_adverbs": {
        "spyxfamily": 6,
        "ago": 5,
        "away": 5,
        "actually": 4,
        "exactly": 4,
        "recently": 4,
        "finally": 3,
        "tsundere": 3,
        "approximately": 2,
        "far": 2,
        "seriously": 2,
        "forward": 2,
        "best": 2,
        "anime": 2,
        "literally": 2,
        "currently": 2,
        "totally": 2,
        "tattoo": 2,
        "highest": 2,
        "newly": 2,
        "ahead": 1,
        "wataten": 1,
        "basically": 1,
        "essentially": 1,
        "advantageously": 1,
        "incredibly": 1,
        "aptly": 1,
        "nearly": 1,
        "additionally": 1,
        "daily": 1
    },
    "most_common_bigrams": {
        "final season": 133,
        "attack titan": 116,
        "season episode": 101,
        "kaguya sama": 94,
        "perl bin": 94,
        "episode discussion": 93,
        "information perl": 93,
        "rate episode": 92,
        "discussions post": 92,
        "post created": 92
    },
    "most_common_trigrams": {
        "information perl bin": 93,
        "discussions post created": 92,
        "message mod team": 92,
        "mod team feedback": 92,
        "team feedback comments": 92,
        "feedback comments original": 92,
        "comments original source": 92,
        "original source code": 92,
        "source code found": 92,
        "code found anime": 92
    }
}