{
    "pos_ratios": {
        "NOUN": 0.4058113765082492,
        "PROPN": 0.39029795616843144,
        "VERB": 0.07682836739719281,
        "ADJ": 0.11425757202659444,
        "ADV": 0.006402363949766067,
        "X": 0.0014774686037921695,
        "AUX": 0.0007387343018960847,
        "ADP": 0.0017237133710908644,
        "DET": 0.0004924895345973898,
        "INTJ": 0.0012312238364934746,
        "SPACE": 0.0002462447672986949,
        "CCONJ": 0.0002462447672986949,
        "NUM": 0.0002462447672986949
    },
    "word_length_distributions": {
        "nouns": {
            "3": 219,
            "4": 277,
            "5": 306,
            "6": 275,
            "7": 197,
            "8": 131,
            "9": 83,
            "10": 54,
            "11": 68,
            "12": 22,
            "13": 4,
            "14": 4,
            "15": 3,
            "16": 2,
            "17": 3
        },
        "verbs": {
            "3": 12,
            "4": 45,
            "5": 40,
            "6": 49,
            "7": 71,
            "8": 62,
            "9": 18,
            "10": 2,
            "11": 7,
            "12": 4,
            "13": 1,
            "15": 1
        },
        "adjectives": {
            "3": 22,
            "4": 44,
            "5": 58,
            "6": 60,
            "7": 198,
            "8": 51,
            "9": 18,
            "10": 3,
            "11": 7,
            "12": 3
        },
        "adverbs": {
            "3": 4,
            "4": 4,
            "5": 2,
            "6": 5,
            "7": 7,
            "9": 2,
            "12": 2
        }
    },
    "most_common_words": {
        "digital": 347,
        "oil": 115,
        "canvas": 86,
        "acrylic": 66,
        "photography": 45,
        "portrait": 42,
        "watercolor": 40,
        "ink": 38,
        "paper": 35,
        "pencil": 34,
        "self": 34,
        "art": 32,
        "painting": 24,
        "pen": 22,
        "untitled": 20,
        "paint": 20,
        "oils": 17,
        "wood": 16,
        "linen": 14,
        "animation": 13,
        "graphite": 13,
        "erinthul": 13,
        "pencils": 12,
        "sculpture": 12,
        "girl": 12,
        "colored": 11,
        "clay": 11,
        "gouache": 11,
        "charcoal": 10,
        "pastel": 10
    },
    "most_common_nouns": {
        "oil": 89,
        "canvas": 57,
        "photography": 43,
        "self": 34,
        "ink": 29,
        "acrylic": 27,
        "art": 26,
        "paper": 20,
        "pencil": 17,
        "portrait": 17,
        "oils": 15,
        "paint": 14,
        "wood": 14,
        "linen": 13,
        "animation": 12,
        "pencils": 11,
        "sculpture": 11,
        "pen": 11,
        "girl": 11,
        "painting": 11,
        "illustration": 9,
        "charcoal": 9,
        "clay": 9,
        "panel": 8,
        "woman": 8,
        "color": 8,
        "glass": 7,
        "life": 7,
        "night": 7,
        "media": 7
    },
    "most_common_verbs": {
        "painting": 13,
        "colored": 9,
        "untitled": 8,
        "painted": 7,
        "acrylic": 4,
        "rockwell": 4,
        "coloured": 4,
        "portrait": 4,
        "drawing": 3,
        "vending": 3,
        "look": 3,
        "render": 3,
        "eat": 3,
        "toned": 3,
        "lost": 3,
        "recreated": 2,
        "pixelated": 2,
        "extinguished": 2,
        "mermaid": 2,
        "carved": 2,
        "need": 2,
        "caught": 2,
        "animated": 2,
        "know": 2,
        "cut": 2,
        "prefer": 2,
        "simzart": 2,
        "balloons": 2,
        "earring": 2,
        "living": 2
    },
    "most_common_adjectives": {
        "digital": 173,
        "erinthul": 13,
        "untitled": 9,
        "acrylic": 7,
        "wooden": 6,
        "mixed": 6,
        "black": 6,
        "pastel": 6,
        "dry": 4,
        "unknown": 4,
        "soft": 4,
        "bad": 4,
        "beeple": 4,
        "great": 3,
        "late": 3,
        "big": 3,
        "happy": 3,
        "long": 3,
        "light": 3,
        "social": 3,
        "high": 3,
        "tomsky": 3,
        "new": 3,
        "real": 2,
        "hard": 2,
        "starry": 2,
        "invisible": 2,
        "mental": 2,
        "sanctuary": 2,
        "final": 2
    },
    "most_common_adverbs": {
        "far": 2,
        "forever": 2,
        "away": 2,
        "aka": 2,
        "finally": 2,
        "double": 1,
        "long": 1,
        "deeply": 1,
        "white": 1,
        "maybe": 1,
        "home": 1,
        "simply": 1,
        "successfully": 1,
        "astraea": 1,
        "anymore": 1,
        "darkly": 1,
        "hideout": 1,
        "unexpectedly": 1,
        "sayaka": 1,
        "friedrich": 1,
        "florenaux": 1
    },
    "most_common_bigrams": {
        "oil canvas": 60,
        "self portrait": 26,
        "acrylic canvas": 14,
        "portrait photography": 14,
        "erinthul self": 13,
        "oil linen": 11,
        "digital painting": 10,
        "digital art": 9,
        "colored pencil": 9,
        "snegwy photography": 8
    },
    "most_common_trigrams": {
        "self portrait photography": 14,
        "erinthul self portrait": 13,
        "air dry clay": 4,
        "jim musil acrylic": 4,
        "anastasia trusova acrylic": 4,
        "wood epoxy resin": 3,
        "sam yang digital": 3,
        "jason anderson oil": 3,
        "self portrait oil": 3,
        "water pen ink": 3
    },
    "subscribers": 22306118,
    "description": "Welcome to r/Art, a subreddit for artists and art lovers alike! We hope to create a welcoming environment for those passionate about art and hope you can find a place here! Have an issue? Please reach out to us via the ModMail where we can assist you.",
    "created_date": "2008-01-25",
    "display_name": "Art"
}