{
    "pos_ratios": {
        "NOUN": 0.4846060184379892,
        "VERB": 0.24717342146460253,
        "ADJ": 0.13184901722038617,
        "ADV": 0.03183162289093756,
        "PROPN": 0.08488432770916682,
        "AUX": 0.006957731779439902,
        "SCONJ": 0.0019133762393459732,
        "INTJ": 0.002783092711775961,
        "ADP": 0.005914072012523917,
        "DET": 0.00017394329448599757,
        "SPACE": 0.0005218298834579927,
        "PRON": 0.0006957731779439903,
        "NUM": 0.0005218298834579927,
        "X": 0.00017394329448599757
    },
    "word_length_distributions": {
        "nouns": {
            "3": 498,
            "4": 674,
            "5": 562,
            "6": 400,
            "7": 266,
            "8": 198,
            "9": 97,
            "10": 54,
            "11": 16,
            "12": 15,
            "13": 5,
            "14": 1
        },
        "verbs": {
            "3": 83,
            "4": 312,
            "5": 292,
            "6": 233,
            "7": 275,
            "8": 132,
            "9": 39,
            "10": 30,
            "11": 17,
            "12": 7,
            "14": 1
        },
        "adjectives": {
            "3": 116,
            "4": 152,
            "5": 144,
            "6": 139,
            "7": 83,
            "8": 67,
            "9": 33,
            "10": 9,
            "11": 9,
            "12": 3,
            "13": 2,
            "14": 1
        },
        "adverbs": {
            "3": 15,
            "4": 29,
            "5": 18,
            "6": 18,
            "7": 31,
            "8": 22,
            "9": 16,
            "10": 20,
            "11": 3,
            "12": 8,
            "15": 1,
            "16": 2
        }
    },
    "most_common_words": {
        "dog": 122,
        "cat": 93,
        "old": 51,
        "baby": 40,
        "time": 40,
        "new": 38,
        "little": 38,
        "years": 38,
        "day": 36,
        "got": 36,
        "today": 35,
        "year": 34,
        "like": 31,
        "friend": 31,
        "boy": 30,
        "best": 30,
        "kitten": 28,
        "home": 28,
        "puppy": 27,
        "dad": 25,
        "meet": 23,
        "love": 23,
        "know": 20,
        "owner": 19,
        "good": 19,
        "dogs": 19,
        "morning": 18,
        "daughter": 18,
        "wife": 18,
        "found": 18
    },
    "most_common_nouns": {
        "dog": 114,
        "cat": 75,
        "time": 40,
        "years": 38,
        "baby": 37,
        "today": 35,
        "day": 34,
        "year": 32,
        "boy": 30,
        "friend": 29,
        "dad": 20,
        "owner": 19,
        "home": 19,
        "morning": 18,
        "puppy": 17,
        "bed": 17,
        "wife": 17,
        "love": 16,
        "mom": 16,
        "dogs": 16,
        "daughter": 15,
        "reaction": 15,
        "girl": 15,
        "night": 15,
        "guy": 15,
        "camera": 13,
        "work": 13,
        "man": 12,
        "rescue": 12,
        "toy": 12
    },
    "most_common_verbs": {
        "got": 28,
        "meet": 18,
        "found": 18,
        "adopted": 18,
        "think": 15,
        "took": 15,
        "gets": 14,
        "wanted": 13,
        "loves": 12,
        "know": 12,
        "come": 11,
        "going": 11,
        "having": 11,
        "brought": 11,
        "getting": 10,
        "told": 10,
        "asked": 10,
        "said": 10,
        "came": 10,
        "rescued": 10,
        "let": 10,
        "seeing": 10,
        "trying": 10,
        "sent": 10,
        "wants": 10,
        "look": 10,
        "play": 9,
        "bring": 8,
        "playing": 8,
        "want": 8
    },
    "most_common_adjectives": {
        "old": 50,
        "little": 38,
        "new": 36,
        "best": 27,
        "good": 18,
        "favorite": 17,
        "happy": 15,
        "tiny": 12,
        "human": 11,
        "proud": 9,
        "puppy": 9,
        "older": 7,
        "cold": 6,
        "deaf": 6,
        "golden": 6,
        "asleep": 6,
        "big": 6,
        "blind": 5,
        "free": 5,
        "scared": 5,
        "open": 5,
        "beautiful": 5,
        "perfect": 5,
        "safe": 4,
        "right": 4,
        "nervous": 4,
        "middle": 4,
        "small": 4,
        "sweet": 4,
        "shelter": 4
    },
    "most_common_adverbs": {
        "finally": 15,
        "ago": 10,
        "later": 8,
        "home": 7,
        "recently": 5,
        "away": 5,
        "completely": 4,
        "sure": 4,
        "apparently": 4,
        "instead": 3,
        "suddenly": 3,
        "actually": 3,
        "everyday": 3,
        "accidentally": 3,
        "regularly": 3,
        "absolutely": 3,
        "best": 3,
        "seriously": 3,
        "gently": 2,
        "soon": 2,
        "far": 2,
        "officially": 2,
        "cautiously": 2,
        "hard": 2,
        "newly": 2,
        "outside": 2,
        "longer": 2,
        "long": 2,
        "tattoo": 2,
        "kitten": 2
    },
    "most_common_bigrams": {
        "year old": 15,
        "best friend": 11,
        "good boy": 10,
        "little guy": 6,
        "years old": 6,
        "years later": 5,
        "brought home": 5,
        "new kitten": 5,
        "reddit meet": 5,
        "got new": 5
    },
    "most_common_trigrams": {
        "bunnies flop feel": 3,
        "flop feel completely": 3,
        "feel completely safe": 3,
        "year old cat": 3,
        "living best life": 3,
        "got new kitten": 3,
        "head scritches instant": 2,
        "scritches instant golden": 2,
        "instant golden smiles": 2,
        "lynx fell asleep": 2
    }
}