{
    "pos_ratios": {
        "VERB": 0.19828115408225905,
        "PROPN": 0.2987517904644976,
        "NOUN": 0.3861264579496624,
        "ADJ": 0.10886024145692653,
        "INTJ": 0.0006138735420503376,
        "ADV": 0.003887865766318805,
        "ADP": 0.0008184980560671168,
        "SCONJ": 0.0008184980560671168,
        "AUX": 0.0012277470841006752,
        "SPACE": 0.0002046245140167792,
        "NUM": 0.0002046245140167792,
        "X": 0.0002046245140167792
    },
    "word_length_distributions": {
        "nouns": {
            "3": 123,
            "4": 339,
            "5": 432,
            "6": 263,
            "7": 280,
            "8": 207,
            "9": 136,
            "10": 55,
            "11": 30,
            "12": 19,
            "13": 2,
            "14": 1
        },
        "verbs": {
            "3": 203,
            "4": 16,
            "5": 73,
            "6": 124,
            "7": 57,
            "8": 465,
            "9": 13,
            "10": 8,
            "11": 9,
            "12": 1
        },
        "adjectives": {
            "3": 40,
            "4": 54,
            "5": 90,
            "6": 73,
            "7": 66,
            "8": 182,
            "9": 12,
            "10": 6,
            "11": 8,
            "12": 1
        },
        "adverbs": {
            "3": 3,
            "4": 2,
            "5": 2,
            "6": 2,
            "7": 6,
            "8": 3,
            "13": 1
        }
    },
    "most_common_words": {
        "homemade": 758,
        "ate": 200,
        "chicken": 104,
        "cheese": 86,
        "cake": 71,
        "chocolate": 61,
        "cream": 53,
        "garlic": 44,
        "fried": 38,
        "butter": 36,
        "pork": 33,
        "pizza": 33,
        "smoked": 33,
        "sandwich": 32,
        "pie": 31,
        "fries": 31,
        "chef": 30,
        "pro": 29,
        "bread": 29,
        "ice": 27,
        "bacon": 27,
        "cheesecake": 25,
        "cookies": 25,
        "steak": 25,
        "beef": 24,
        "mac": 23,
        "macarons": 22,
        "vanilla": 22,
        "sauce": 22,
        "brisket": 20
    },
    "most_common_nouns": {
        "chicken": 49,
        "chocolate": 40,
        "cake": 39,
        "cheese": 38,
        "homemade": 35,
        "cream": 32,
        "butter": 32,
        "fries": 30,
        "pork": 29,
        "pie": 27,
        "cookies": 25,
        "sandwich": 25,
        "beef": 24,
        "bread": 23,
        "macarons": 22,
        "steak": 22,
        "sauce": 21,
        "chef": 20,
        "ice": 20,
        "potatoes": 20,
        "breakfast": 19,
        "vanilla": 19,
        "egg": 18,
        "brisket": 16,
        "ramen": 15,
        "burger": 15,
        "blueberry": 14,
        "cheesecake": 13,
        "apple": 13,
        "brownies": 12
    },
    "most_common_verbs": {
        "homemade": 427,
        "ate": 197,
        "smoked": 33,
        "fried": 28,
        "filled": 10,
        "burnt": 9,
        "grilled": 9,
        "salted": 9,
        "topped": 7,
        "shaped": 7,
        "pancakes": 7,
        "pulled": 7,
        "frosting": 6,
        "stuffed": 6,
        "seared": 5,
        "cast": 5,
        "strawberry": 4,
        "caramelized": 4,
        "cupcakes": 4,
        "bbq": 4,
        "baked": 4,
        "toasted": 4,
        "tikka": 3,
        "filling": 3,
        "cooked": 3,
        "seasoned": 3,
        "cured": 3,
        "chives": 3,
        "looks": 3,
        "glazed": 2
    },
    "most_common_adjectives": {
        "homemade": 161,
        "french": 17,
        "fresh": 13,
        "hot": 11,
        "pro": 10,
        "roasted": 10,
        "garlic": 10,
        "spicy": 8,
        "black": 8,
        "double": 8,
        "korean": 8,
        "soft": 7,
        "english": 6,
        "brown": 6,
        "red": 6,
        "green": 5,
        "mashed": 5,
        "italian": 5,
        "giant": 5,
        "fluffy": 4,
        "chinese": 4,
        "wild": 4,
        "wagyu": 4,
        "pretzel": 4,
        "oreo": 4,
        "croissant": 4,
        "japanese": 4,
        "slow": 4,
        "classic": 3,
        "buttercream": 3
    },
    "most_common_adverbs": {
        "freshly": 3,
        "aka": 3,
        "homemade": 2,
        "tartlet": 1,
        "hickory": 1,
        "slightly": 1,
        "thinly": 1,
        "real": 1,
        "traditionally": 1,
        "apart": 1,
        "instead": 1,
        "maybe": 1,
        "half": 1,
        "philly": 1
    },
    "most_common_bigrams": {
        "homemade chicken": 32,
        "cake homemade": 31,
        "pro chef": 29,
        "ice cream": 26,
        "homemade homemade": 23,
        "fried chicken": 22,
        "pie homemade": 18,
        "mac cheese": 18,
        "fries homemade": 17,
        "homemade chocolate": 17
    },
    "most_common_trigrams": {
        "ice cream homemade": 10,
        "mac cheese homemade": 10,
        "homemade butter chicken": 8,
        "homemade apple pie": 7,
        "homemade fried chicken": 6,
        "homemade macarons homemade": 6,
        "nashville hot chicken": 6,
        "hot chicken sandwich": 6,
        "chicken sandwich homemade": 6,
        "homemade chicken katsu": 6
    }
}