{
    "pos_ratios": {
        "NOUN": 0.48665686068501784,
        "VERB": 0.2359739441059046,
        "ADJ": 0.11494011346921622,
        "PROPN": 0.11367934440008405,
        "NUM": 0.0010506408909434755,
        "AUX": 0.005883588989283463,
        "SCONJ": 0.0031519226728304265,
        "ADV": 0.02626602227358689,
        "ADP": 0.006093717167472158,
        "PRON": 0.0006303845345660853,
        "SPACE": 0.002311409960075646,
        "INTJ": 0.0031519226728304265,
        "DET": 0.0002101281781886951
    },
    "word_length_distributions": {
        "nouns": {
            "3": 265,
            "4": 509,
            "5": 466,
            "6": 378,
            "7": 270,
            "8": 209,
            "9": 100,
            "10": 69,
            "11": 20,
            "12": 22,
            "13": 5,
            "14": 1,
            "15": 1,
            "16": 1
        },
        "verbs": {
            "3": 87,
            "4": 259,
            "5": 183,
            "6": 200,
            "7": 193,
            "8": 104,
            "9": 49,
            "10": 30,
            "11": 10,
            "12": 5,
            "13": 3
        },
        "adjectives": {
            "3": 69,
            "4": 106,
            "5": 124,
            "6": 91,
            "7": 42,
            "8": 55,
            "9": 26,
            "10": 16,
            "11": 9,
            "12": 4,
            "13": 2,
            "14": 1,
            "15": 1,
            "16": 1
        },
        "adverbs": {
            "3": 11,
            "4": 18,
            "5": 13,
            "6": 10,
            "7": 25,
            "8": 18,
            "9": 11,
            "10": 10,
            "11": 3,
            "12": 6
        }
    },
    "most_common_words": {
        "today": 48,
        "like": 37,
        "got": 36,
        "wife": 31,
        "year": 28,
        "dad": 24,
        "photo": 23,
        "guy": 22,
        "day": 22,
        "friend": 21,
        "years": 21,
        "old": 20,
        "work": 20,
        "told": 19,
        "christmas": 18,
        "time": 18,
        "asked": 18,
        "found": 18,
        "dog": 18,
        "house": 16,
        "new": 16,
        "cat": 16,
        "daughter": 15,
        "sent": 15,
        "picture": 15,
        "let": 14,
        "son": 14,
        "took": 14,
        "said": 14,
        "man": 14
    },
    "most_common_nouns": {
        "today": 48,
        "wife": 31,
        "year": 27,
        "guy": 21,
        "dad": 21,
        "friend": 20,
        "day": 20,
        "years": 20,
        "photo": 19,
        "work": 19,
        "time": 18,
        "dog": 17,
        "cat": 15,
        "son": 14,
        "picture": 14,
        "man": 13,
        "daughter": 13,
        "kids": 12,
        "sister": 12,
        "family": 12,
        "video": 11,
        "sign": 11,
        "home": 11,
        "life": 11,
        "car": 10,
        "things": 10,
        "brother": 10,
        "house": 10,
        "people": 10,
        "fun": 10
    },
    "most_common_verbs": {
        "got": 28,
        "told": 19,
        "asked": 18,
        "found": 18,
        "sent": 15,
        "took": 14,
        "said": 14,
        "think": 13,
        "let": 11,
        "wanted": 11,
        "went": 11,
        "know": 10,
        "thought": 10,
        "look": 9,
        "looks": 9,
        "want": 8,
        "called": 8,
        "decided": 8,
        "trying": 8,
        "saw": 8,
        "bought": 8,
        "making": 7,
        "running": 7,
        "wear": 7,
        "started": 6,
        "going": 6,
        "created": 6,
        "seen": 6,
        "left": 6,
        "having": 5
    },
    "most_common_adjectives": {
        "old": 19,
        "new": 15,
        "favorite": 12,
        "best": 11,
        "good": 11,
        "fake": 9,
        "big": 9,
        "happy": 9,
        "local": 8,
        "real": 7,
        "unnecessary": 6,
        "better": 5,
        "single": 5,
        "free": 5,
        "middle": 4,
        "perfect": 4,
        "long": 4,
        "secret": 4,
        "little": 4,
        "worth": 4,
        "funny": 3,
        "great": 3,
        "wrong": 3,
        "poor": 3,
        "bad": 3,
        "rude": 3,
        "present": 3,
        "fair": 3,
        "awesome": 3,
        "proud": 3
    },
    "most_common_adverbs": {
        "finally": 12,
        "ago": 7,
        "actually": 6,
        "sure": 4,
        "away": 4,
        "apparently": 3,
        "recently": 3,
        "later": 3,
        "instead": 3,
        "best": 3,
        "right": 3,
        "accidentally": 3,
        "currently": 3,
        "home": 2,
        "maybe": 2,
        "real": 2,
        "totally": 2,
        "way": 2,
        "particularly": 2,
        "pretty": 2,
        "exactly": 2,
        "straight": 2,
        "undoubtedly": 1,
        "obnoxiously": 1,
        "shamefully": 1,
        "directly": 1,
        "suddenly": 1,
        "personally": 1,
        "socially": 1,
        "definitely": 1
    },
    "most_common_bigrams": {
        "year old": 9,
        "looks like": 8,
        "look like": 7,
        "years ago": 5,
        "products today": 4,
        "friend got": 4,
        "today created": 3,
        "unnecessary products": 3,
        "work center": 3,
        "like draw": 3
    },
    "most_common_trigrams": {
        "unnecessary products today": 3,
        "got suspended school": 2,
        "says yes yes": 2,
        "rude callers look": 2,
        "callers look like": 2,
        "heroes wear capes": 2,
        "build fake product": 2,
        "shirtception favorite gift": 2,
        "favorite gift year": 2,
        "gift year brother": 2
    },
    "subscribers": 66894588,
    "description": "Reddit's largest humor depository",
    "created_date": "2008-01-25",
    "display_name": "funny"
}