{
    "pos_ratios": {
        "VERB": 0.2092084394674869,
        "PROPN": 0.1381346021371013,
        "ADP": 0.006808606078082697,
        "NOUN": 0.46888867528556094,
        "ADJ": 0.12689639704586597,
        "ADV": 0.03421124301116611,
        "INTJ": 0.004645872382691723,
        "PRON": 0.0009451947261338332,
        "AUX": 0.005510965860848112,
        "NUM": 0.001674116082728569,
        "SCONJ": 0.0012255490940548854,
        "X": 0.0011053972220887202,
        "PART": 0.00012015187196616523,
        "CCONJ": 0.0004405568638759392,
        "DET": 0.000160202495954887,
        "PUNCT": 2.4030374393233045e-05
    },
    "word_length_distributions": {
        "nouns": {
            "3": 4389,
            "4": 10843,
            "5": 10302,
            "6": 9731,
            "7": 7649,
            "8": 5658,
            "9": 4819,
            "10": 2217,
            "11": 1422,
            "12": 756,
            "13": 415,
            "14": 214,
            "15": 59,
            "16": 24,
            "17": 18,
            "18": 7,
            "19": 5,
            "20": 5,
            "21": 1,
            "22": 1,
            "25": 1,
            "30": 1
        },
        "verbs": {
            "1": 3,
            "3": 2063,
            "4": 4704,
            "5": 4283,
            "6": 4177,
            "7": 4483,
            "8": 2864,
            "9": 1941,
            "10": 838,
            "11": 412,
            "12": 196,
            "13": 100,
            "14": 29,
            "15": 11,
            "16": 4,
            "17": 5,
            "19": 2,
            "20": 2,
            "31": 1
        },
        "adjectives": {
            "3": 1199,
            "4": 2418,
            "5": 3119,
            "6": 2699,
            "7": 1866,
            "8": 1564,
            "9": 1198,
            "10": 838,
            "11": 453,
            "12": 218,
            "13": 222,
            "14": 27,
            "15": 16,
            "18": 1,
            "19": 2,
            "22": 1,
            "30": 1
        },
        "adverbs": {
            "3": 343,
            "4": 530,
            "5": 528,
            "6": 495,
            "7": 506,
            "8": 612,
            "9": 478,
            "10": 409,
            "11": 127,
            "12": 134,
            "13": 71,
            "14": 26,
            "15": 9,
            "18": 2,
            "22": 1
        }
    },
    "most_common_words": {
        "questions": 1584,
        "ama": 1134,
        "edit": 968,
        "ask": 792,
        "proof": 775,
        "time": 696,
        "people": 676,
        "answer": 643,
        "reddit": 632,
        "like": 609,
        "years": 609,
        "thanks": 543,
        "new": 517,
        "thank": 507,
        "work": 394,
        "year": 393,
        "know": 389,
        "today": 387,
        "day": 349,
        "want": 330,
        "going": 327,
        "update": 316,
        "help": 314,
        "world": 308,
        "great": 306,
        "got": 306,
        "answering": 293,
        "lot": 293,
        "free": 279,
        "life": 275
    },
    "most_common_nouns": {
        "questions": 1565,
        "people": 671,
        "time": 669,
        "edit": 666,
        "ama": 641,
        "years": 604,
        "thanks": 534,
        "answer": 532,
        "proof": 487,
        "today": 387,
        "year": 381,
        "work": 348,
        "day": 322,
        "lot": 288,
        "life": 266,
        "update": 254,
        "reddit": 246,
        "world": 244,
        "game": 228,
        "iama": 221,
        "guys": 218,
        "book": 214,
        "things": 208,
        "comments": 204,
        "way": 201,
        "hours": 198,
        "months": 194,
        "story": 190,
        "support": 185,
        "love": 178
    },
    "most_common_verbs": {
        "ask": 665,
        "thank": 371,
        "going": 297,
        "want": 286,
        "know": 279,
        "answering": 270,
        "got": 234,
        "started": 209,
        "called": 200,
        "find": 197,
        "think": 195,
        "try": 190,
        "working": 184,
        "feel": 180,
        "edit": 165,
        "let": 159,
        "come": 155,
        "worked": 147,
        "making": 134,
        "went": 127,
        "getting": 125,
        "help": 120,
        "found": 120,
        "trying": 119,
        "read": 117,
        "including": 115,
        "coming": 114,
        "spent": 111,
        "continue": 110,
        "answer": 110
    },
    "most_common_adjectives": {
        "new": 378,
        "reddit": 305,
        "great": 296,
        "free": 259,
        "good": 221,
        "proof": 187,
        "best": 177,
        "old": 175,
        "public": 149,
        "right": 138,
        "able": 135,
        "big": 126,
        "little": 122,
        "social": 115,
        "short": 108,
        "happy": 104,
        "long": 104,
        "different": 104,
        "cheap": 102,
        "interested": 99,
        "human": 95,
        "future": 93,
        "sorry": 93,
        "open": 92,
        "amazing": 90,
        "live": 89,
        "possible": 88,
        "small": 88,
        "real": 86,
        "local": 82
    },
    "most_common_adverbs": {
        "ago": 164,
        "later": 154,
        "recently": 117,
        "currently": 116,
        "soon": 104,
        "actually": 100,
        "far": 95,
        "forward": 80,
        "probably": 80,
        "sure": 70,
        "finally": 70,
        "away": 69,
        "right": 67,
        "best": 64,
        "pretty": 63,
        "long": 57,
        "truly": 53,
        "maybe": 49,
        "better": 47,
        "especially": 47,
        "eventually": 45,
        "nearly": 43,
        "hopefully": 42,
        "completely": 38,
        "instead": 37,
        "longer": 37,
        "basically": 37,
        "absolutely": 33,
        "normally": 33,
        "way": 31
    },
    "most_common_bigrams": {
        "answer questions": 347,
        "answering questions": 213,
        "proof edit": 137,
        "feel free": 110,
        "edit thanks": 99,
        "thanks questions": 98,
        "great questions": 91,
        "years ago": 91,
        "edit thank": 84,
        "year old": 74
    },
    "most_common_trigrams": {
        "ama short bio": 44,
        "ama hello reddit": 40,
        "thanks great questions": 36,
        "feel free ask": 31,
        "edit thanks questions": 31,
        "proof edit thank": 27,
        "public contact information": 24,
        "edit thank questions": 23,
        "thank great questions": 23,
        "try answer questions": 23
    },
    "subscribers": 22427416,
    "description": "I Am A, where the mundane becomes fascinating and the outrageous suddenly seems normal.",
    "created_date": "2009-05-28",
    "display_name": "IAmA"
}