{
    "pos_ratios": {
        "ADJ": 0.11559997760232936,
        "NOUN": 0.4458256341340501,
        "VERB": 0.268380088470799,
        "ADP": 0.0070272691640069435,
        "PROPN": 0.10958060361722381,
        "INTJ": 0.007587210930063273,
        "ADV": 0.03636821770535864,
        "AUX": 0.00520745842432387,
        "PRON": 0.0007559213841760457,
        "SCONJ": 0.001707822386471807,
        "DET": 0.0003919592362394311,
        "X": 0.00027997088302816507,
        "NUM": 0.0008959068256901283,
        "CCONJ": 0.0002519737947253486,
        "SPACE": 0.00013998544151408253
    },
    "word_length_distributions": {
        "nouns": {
            "3": 2217,
            "4": 3788,
            "5": 3026,
            "6": 2589,
            "7": 1987,
            "8": 994,
            "9": 690,
            "10": 374,
            "11": 151,
            "12": 75,
            "13": 19,
            "14": 8,
            "15": 3,
            "16": 1,
            "17": 1,
            "39": 1
        },
        "verbs": {
            "3": 568,
            "4": 2945,
            "5": 1819,
            "6": 1314,
            "7": 1617,
            "8": 727,
            "9": 361,
            "10": 163,
            "11": 47,
            "12": 16,
            "13": 9
        },
        "adjectives": {
            "3": 417,
            "4": 834,
            "5": 863,
            "6": 678,
            "7": 452,
            "8": 375,
            "9": 301,
            "10": 100,
            "11": 54,
            "12": 28,
            "13": 20,
            "14": 4,
            "15": 1,
            "17": 1,
            "18": 1
        },
        "adverbs": {
            "3": 51,
            "4": 184,
            "5": 169,
            "6": 180,
            "7": 212,
            "8": 150,
            "9": 119,
            "10": 118,
            "11": 57,
            "12": 39,
            "13": 10,
            "14": 7,
            "15": 1,
            "16": 2
        }
    },
    "most_common_words": {
        "says": 493,
        "man": 411,
        "said": 339,
        "wife": 216,
        "like": 212,
        "day": 183,
        "asks": 183,
        "know": 177,
        "asked": 163,
        "guy": 157,
        "got": 156,
        "time": 153,
        "old": 148,
        "son": 143,
        "woman": 134,
        "boy": 131,
        "want": 124,
        "father": 123,
        "girl": 121,
        "edit": 120,
        "going": 118,
        "people": 112,
        "dad": 108,
        "replied": 108,
        "door": 108,
        "went": 103,
        "sex": 103,
        "way": 101,
        "husband": 97,
        "home": 94
    },
    "most_common_nouns": {
        "man": 392,
        "wife": 203,
        "day": 166,
        "guy": 153,
        "time": 151,
        "woman": 133,
        "boy": 126,
        "girl": 120,
        "people": 111,
        "door": 105,
        "sex": 102,
        "son": 100,
        "edit": 91,
        "way": 87,
        "room": 82,
        "year": 82,
        "dad": 75,
        "night": 74,
        "thanks": 69,
        "home": 69,
        "bar": 68,
        "years": 67,
        "mother": 64,
        "doctor": 64,
        "joke": 60,
        "husband": 59,
        "trump": 58,
        "bartender": 58,
        "minutes": 56,
        "bed": 56
    },
    "most_common_verbs": {
        "says": 489,
        "said": 339,
        "asks": 178,
        "asked": 163,
        "got": 117,
        "know": 112,
        "want": 112,
        "going": 108,
        "replied": 107,
        "went": 100,
        "goes": 87,
        "told": 86,
        "gets": 68,
        "tell": 67,
        "think": 66,
        "sees": 63,
        "let": 63,
        "come": 57,
        "took": 56,
        "having": 55,
        "saw": 53,
        "looks": 50,
        "found": 49,
        "takes": 47,
        "tells": 44,
        "find": 43,
        "seen": 40,
        "thank": 40,
        "thinks": 40,
        "looked": 39
    },
    "most_common_adjectives": {
        "old": 146,
        "little": 88,
        "new": 79,
        "good": 78,
        "right": 56,
        "best": 54,
        "young": 49,
        "great": 46,
        "big": 43,
        "second": 42,
        "beautiful": 38,
        "sorry": 35,
        "hot": 32,
        "naked": 31,
        "nice": 29,
        "sure": 28,
        "bad": 28,
        "free": 27,
        "open": 26,
        "happy": 24,
        "wrong": 24,
        "chinese": 24,
        "cold": 23,
        "long": 20,
        "black": 19,
        "dead": 19,
        "terrible": 19,
        "blonde": 19,
        "female": 18,
        "better": 18
    },
    "most_common_adverbs": {
        "later": 66,
        "finally": 57,
        "sure": 34,
        "soon": 30,
        "ago": 27,
        "suddenly": 27,
        "immediately": 27,
        "pretty": 26,
        "quickly": 23,
        "home": 23,
        "away": 22,
        "actually": 21,
        "instead": 20,
        "right": 18,
        "better": 18,
        "completely": 18,
        "apparently": 17,
        "eventually": 17,
        "ahead": 15,
        "slowly": 15,
        "totally": 14,
        "exactly": 13,
        "perfectly": 13,
        "long": 13,
        "hard": 12,
        "upstairs": 11,
        "far": 11,
        "absolutely": 10,
        "instantly": 10,
        "maybe": 10
    },
    "most_common_bigrams": {
        "year old": 45,
        "old man": 40,
        "microsoft support": 32,
        "man says": 25,
        "donald trump": 23,
        "walks bar": 21,
        "having sex": 18,
        "edit thank": 17,
        "edit thanks": 17,
        "grim reaper": 16
    },
    "most_common_trigrams": {
        "year old son": 12,
        "age success having": 8,
        "mongolian death grip": 8,
        "edit thanks gold": 6,
        "want god damn": 6,
        "lover closet boy": 6,
        "man nice boy": 6,
        "buy man thanks": 6,
        "man thanks boy": 6,
        "president united states": 6
    },
    "subscribers": 30355030,
    "description": "The funniest sub on Reddit. Hundreds of jokes posted each day, and some of them aren't even reposts!",
    "created_date": "2008-01-25",
    "display_name": "Jokes"
}