{
    "pos_ratios": {
        "PROPN": 0.22171806167400882,
        "VERB": 0.14726872246696035,
        "ADJ": 0.1458590308370044,
        "NOUN": 0.4446696035242291,
        "ADV": 0.022819383259911893,
        "ADP": 0.006563876651982379,
        "INTJ": 0.001894273127753304,
        "AUX": 0.0029515418502202642,
        "PRON": 0.0011894273127753304,
        "NUM": 0.0007488986784140969,
        "SCONJ": 0.0013215859030837004,
        "PART": 0.00022026431718061675,
        "X": 0.0008370044052863436,
        "DET": 0.0016740088105726871,
        "CCONJ": 0.00026431718061674007
    },
    "word_length_distributions": {
        "nouns": {
            "3": 854,
            "4": 2429,
            "5": 2478,
            "6": 1325,
            "7": 1014,
            "8": 769,
            "9": 466,
            "10": 388,
            "11": 198,
            "12": 55,
            "13": 40,
            "14": 20,
            "15": 28,
            "16": 9,
            "17": 3,
            "18": 8,
            "19": 3,
            "20": 1,
            "21": 1,
            "22": 1,
            "23": 2,
            "24": 1,
            "29": 1
        },
        "verbs": {
            "2": 1,
            "3": 245,
            "4": 718,
            "5": 557,
            "6": 477,
            "7": 529,
            "8": 358,
            "9": 218,
            "10": 119,
            "11": 62,
            "12": 36,
            "13": 14,
            "14": 7,
            "16": 1,
            "18": 1
        },
        "adjectives": {
            "3": 307,
            "4": 660,
            "5": 545,
            "6": 443,
            "7": 324,
            "8": 295,
            "9": 209,
            "10": 206,
            "11": 174,
            "12": 99,
            "13": 18,
            "14": 6,
            "15": 17,
            "16": 4,
            "18": 1,
            "20": 1,
            "22": 1,
            "24": 1
        },
        "adverbs": {
            "3": 36,
            "4": 72,
            "5": 58,
            "6": 75,
            "7": 57,
            "8": 51,
            "9": 72,
            "10": 50,
            "11": 26,
            "12": 14,
            "13": 6,
            "14": 1
        }
    },
    "most_common_words": {
        "album": 635,
        "rock": 310,
        "music": 280,
        "best": 215,
        "hop": 177,
        "sets": 166,
        "pop": 156,
        "indie": 150,
        "hip": 146,
        "jazz": 135,
        "folk": 135,
        "like": 125,
        "new": 111,
        "funk": 104,
        "punk": 101,
        "song": 100,
        "people": 98,
        "spotify": 96,
        "metal": 92,
        "neutrality": 89,
        "playlist": 89,
        "net": 86,
        "electronic": 85,
        "songs": 84,
        "desk": 83,
        "tiny": 81,
        "love": 74,
        "youtube": 74,
        "video": 74,
        "set": 74
    },
    "most_common_nouns": {
        "album": 452,
        "rock": 247,
        "music": 244,
        "pop": 142,
        "hip": 125,
        "jazz": 124,
        "people": 96,
        "folk": 95,
        "neutrality": 89,
        "song": 87,
        "playlist": 85,
        "songs": 80,
        "metal": 78,
        "funk": 76,
        "desk": 76,
        "sets": 73,
        "video": 70,
        "year": 70,
        "punk": 67,
        "user": 66,
        "hop": 64,
        "soul": 61,
        "albums": 60,
        "youtube": 57,
        "band": 56,
        "artists": 55,
        "time": 55,
        "tracks": 51,
        "post": 50,
        "love": 49
    },
    "most_common_verbs": {
        "sets": 93,
        "spotify": 63,
        "released": 58,
        "set": 55,
        "find": 42,
        "know": 33,
        "indie": 33,
        "use": 32,
        "want": 29,
        "listen": 29,
        "think": 28,
        "feel": 28,
        "spread": 22,
        "need": 20,
        "related": 20,
        "sounds": 19,
        "tracks": 19,
        "funk": 19,
        "hear": 18,
        "heard": 17,
        "let": 17,
        "come": 17,
        "lost": 16,
        "listening": 16,
        "play": 16,
        "going": 15,
        "alt": 15,
        "stop": 14,
        "got": 14,
        "look": 14
    },
    "most_common_adjectives": {
        "best": 184,
        "new": 101,
        "net": 86,
        "electronic": 75,
        "tiny": 71,
        "indie": 57,
        "great": 50,
        "instrumental": 49,
        "black": 45,
        "good": 41,
        "psychedelic": 34,
        "alternative": 29,
        "japanese": 29,
        "right": 24,
        "free": 23,
        "big": 21,
        "future": 20,
        "classical": 20,
        "live": 20,
        "musical": 20,
        "little": 19,
        "happy": 19,
        "experimental": 19,
        "progressive": 19,
        "interested": 18,
        "dark": 18,
        "dead": 17,
        "short": 17,
        "heavy": 17,
        "tidal": 17
    },
    "most_common_adverbs": {
        "best": 30,
        "pretty": 18,
        "maybe": 16,
        "far": 13,
        "subreddit": 10,
        "instead": 9,
        "ago": 9,
        "especially": 8,
        "later": 8,
        "actually": 8,
        "sure": 7,
        "forever": 7,
        "currently": 6,
        "somewhat": 6,
        "absolutely": 6,
        "generally": 6,
        "soon": 5,
        "directly": 5,
        "long": 5,
        "immediately": 5,
        "seriously": 5,
        "better": 5,
        "easily": 5,
        "hopefully": 5,
        "longer": 5,
        "nearly": 5,
        "specifically": 4,
        "way": 4,
        "isp": 4,
        "literally": 4
    },
    "most_common_bigrams": {
        "hip hop": 135,
        "net neutrality": 86,
        "tiny desk": 75,
        "paxlibertas sets": 56,
        "standout tracks": 50,
        "indie rock": 44,
        "desk concert": 38,
        "music video": 29,
        "indie pop": 27,
        "user redditlistentothis": 26
    },
    "most_common_trigrams": {
        "tiny desk concert": 38,
        "tiny desk contest": 18,
        "hip hop rap": 14,
        "user thedannychang music": 12,
        "thedannychang music playlist": 12,
        "user redditlistentothis user": 11,
        "redditlistentothis user redditlistentothis": 11,
        "playlists user thedannychang": 11,
        "related spotify spotify": 10,
        "hip hop album": 10
    }
}