{
    "pos_ratios": {
        "ADJ": 0.10785463071512309,
        "PROPN": 0.10802210684977391,
        "NOUN": 0.5250376821302964,
        "ADV": 0.02277675431251047,
        "VERB": 0.20281359906213364,
        "AUX": 0.0023446658851113715,
        "SCONJ": 0.010718472617651985,
        "ADP": 0.01858985094624016,
        "DET": 0.0005024284039524368,
        "INTJ": 0.000669904538603249,
        "PRON": 0.0003349522693016245,
        "NUM": 0.0003349522693016245
    },
    "word_length_distributions": {
        "nouns": {
            "3": 337,
            "4": 667,
            "5": 654,
            "6": 537,
            "7": 394,
            "8": 214,
            "9": 137,
            "10": 112,
            "11": 43,
            "12": 32,
            "13": 6,
            "14": 2
        },
        "verbs": {
            "3": 69,
            "4": 200,
            "5": 314,
            "6": 186,
            "7": 224,
            "8": 100,
            "9": 71,
            "10": 27,
            "11": 13,
            "12": 4,
            "13": 3
        },
        "adjectives": {
            "3": 81,
            "4": 100,
            "5": 165,
            "6": 96,
            "7": 70,
            "8": 64,
            "9": 31,
            "10": 20,
            "11": 9,
            "12": 3,
            "13": 4,
            "14": 1
        },
        "adverbs": {
            "3": 8,
            "4": 10,
            "5": 14,
            "6": 23,
            "7": 25,
            "8": 16,
            "9": 21,
            "10": 10,
            "11": 1,
            "12": 8
        }
    },
    "most_common_words": {
        "like": 130,
        "looks": 89,
        "found": 73,
        "local": 37,
        "old": 34,
        "look": 32,
        "cat": 28,
        "car": 26,
        "house": 24,
        "inside": 24,
        "picture": 24,
        "years": 23,
        "work": 22,
        "today": 22,
        "ice": 22,
        "got": 21,
        "library": 21,
        "window": 21,
        "way": 21,
        "tree": 20,
        "makes": 18,
        "new": 18,
        "store": 18,
        "came": 17,
        "wall": 16,
        "sign": 16,
        "instead": 15,
        "friend": 15,
        "guy": 15,
        "left": 15
    },
    "most_common_nouns": {
        "car": 25,
        "picture": 23,
        "today": 22,
        "years": 22,
        "library": 21,
        "cat": 21,
        "ice": 21,
        "window": 20,
        "way": 19,
        "tree": 18,
        "store": 18,
        "work": 17,
        "dog": 15,
        "people": 15,
        "friend": 14,
        "guy": 14,
        "room": 14,
        "door": 14,
        "school": 13,
        "sign": 13,
        "paper": 13,
        "restaurant": 12,
        "hotel": 12,
        "water": 12,
        "bathroom": 12,
        "year": 12,
        "morning": 11,
        "bottle": 10,
        "hand": 10,
        "snow": 10
    },
    "most_common_verbs": {
        "looks": 80,
        "found": 73,
        "look": 31,
        "makes": 18,
        "got": 17,
        "left": 14,
        "came": 14,
        "saw": 12,
        "built": 11,
        "took": 9,
        "printed": 9,
        "grew": 8,
        "growing": 8,
        "uses": 8,
        "gave": 7,
        "set": 7,
        "looking": 7,
        "shows": 6,
        "hidden": 6,
        "ordered": 6,
        "born": 6,
        "fell": 6,
        "bought": 5,
        "broken": 5,
        "sent": 5,
        "building": 5,
        "filled": 5,
        "broke": 5,
        "caught": 5,
        "painting": 4
    },
    "most_common_adjectives": {
        "local": 36,
        "old": 33,
        "new": 15,
        "different": 12,
        "little": 12,
        "perfect": 10,
        "light": 9,
        "small": 8,
        "tiny": 8,
        "black": 7,
        "red": 7,
        "giant": 6,
        "japanese": 6,
        "free": 6,
        "mini": 6,
        "plastic": 6,
        "random": 5,
        "cold": 5,
        "middle": 5,
        "tall": 5,
        "great": 5,
        "exact": 5,
        "original": 5,
        "right": 5,
        "high": 4,
        "secret": 4,
        "open": 4,
        "fake": 4,
        "wet": 4,
        "dead": 4
    },
    "most_common_adverbs": {
        "instead": 15,
        "perfectly": 10,
        "actually": 6,
        "ago": 5,
        "completely": 4,
        "longer": 4,
        "away": 4,
        "fully": 3,
        "exactly": 3,
        "partially": 3,
        "nearly": 3,
        "tattoo": 3,
        "later": 3,
        "suspiciously": 2,
        "freshly": 2,
        "easily": 2,
        "literally": 2,
        "recently": 2,
        "half": 2,
        "accidentally": 2,
        "kinda": 2,
        "apparently": 2,
        "anatomically": 1,
        "surprisingly": 1,
        "casually": 1,
        "differently": 1,
        "quietly": 1,
        "purely": 1,
        "upside": 1,
        "far": 1
    },
    "most_common_bigrams": {
        "looks like": 81,
        "look like": 27,
        "makes look": 7,
        "local library": 7,
        "year old": 6,
        "found old": 6,
        "years ago": 5,
        "instead plastic": 5,
        "like cat": 5,
        "like different": 4
    },
    "most_common_trigrams": {
        "makes look like": 6,
        "box cling film": 4,
        "car looks like": 3,
        "looks like tiny": 3,
        "cling film picture": 3,
        "film picture box": 3,
        "picture box cling": 3,
        "looks like cat": 3,
        "world trade center": 2,
        "roll toilet paper": 2
    }
}