{
    "pos_ratios": {
        "PROPN": 0.23030518097941802,
        "VERB": 0.2096049207475751,
        "ADJ": 0.09699550508634966,
        "NOUN": 0.43494203927135083,
        "ADV": 0.013366453749704282,
        "AUX": 0.00248403122782115,
        "ADP": 0.0040217648450437665,
        "NUM": 0.004849775254317483,
        "PRON": 0.0005914360066240833,
        "CCONJ": 0.0002365744026496333,
        "SCONJ": 0.0015377336172226164,
        "DET": 0.00035486160397445,
        "INTJ": 0.00035486160397445,
        "PART": 0.00011828720132481665,
        "X": 0.0002365744026496333
    },
    "word_length_distributions": {
        "nouns": {
            "3": 278,
            "4": 524,
            "5": 672,
            "6": 687,
            "7": 584,
            "8": 397,
            "9": 214,
            "10": 148,
            "11": 107,
            "12": 28,
            "13": 20,
            "14": 10,
            "15": 6,
            "16": 1,
            "18": 1
        },
        "verbs": {
            "3": 64,
            "4": 343,
            "5": 328,
            "6": 262,
            "7": 307,
            "8": 221,
            "9": 137,
            "10": 62,
            "11": 30,
            "12": 12,
            "13": 4,
            "14": 2
        },
        "adjectives": {
            "3": 61,
            "4": 87,
            "5": 196,
            "6": 174,
            "7": 101,
            "8": 79,
            "9": 56,
            "10": 20,
            "11": 18,
            "12": 18,
            "13": 6,
            "14": 2,
            "15": 1,
            "16": 1
        },
        "adverbs": {
            "3": 1,
            "4": 7,
            "5": 9,
            "6": 28,
            "7": 11,
            "8": 10,
            "9": 19,
            "10": 13,
            "11": 11,
            "12": 3,
            "15": 1
        }
    },
    "most_common_words": {
        "police": 88,
        "says": 72,
        "trump": 65,
        "man": 61,
        "black": 37,
        "charged": 34,
        "year": 33,
        "new": 32,
        "years": 32,
        "officers": 32,
        "capitol": 30,
        "court": 30,
        "twitter": 30,
        "officer": 30,
        "judge": 30,
        "found": 29,
        "prison": 28,
        "state": 28,
        "dies": 27,
        "arrested": 27,
        "white": 26,
        "texas": 26,
        "guilty": 25,
        "old": 25,
        "death": 24,
        "million": 24,
        "school": 23,
        "federal": 22,
        "video": 22,
        "woman": 22
    },
    "most_common_nouns": {
        "police": 72,
        "man": 56,
        "trump": 39,
        "year": 33,
        "officers": 32,
        "years": 31,
        "officer": 29,
        "prison": 25,
        "death": 22,
        "video": 21,
        "woman": 21,
        "school": 21,
        "murder": 18,
        "charges": 18,
        "day": 18,
        "judge": 18,
        "sex": 17,
        "state": 17,
        "protesters": 16,
        "employees": 15,
        "capitol": 15,
        "family": 15,
        "twitter": 14,
        "court": 14,
        "election": 14,
        "child": 14,
        "home": 14,
        "hook": 13,
        "people": 13,
        "workers": 12
    },
    "most_common_verbs": {
        "says": 72,
        "charged": 34,
        "found": 29,
        "dies": 27,
        "arrested": 27,
        "fired": 21,
        "killed": 16,
        "sentenced": 16,
        "died": 15,
        "trump": 14,
        "sues": 13,
        "loses": 11,
        "shooting": 11,
        "rules": 11,
        "gets": 11,
        "shows": 11,
        "bans": 10,
        "shot": 9,
        "announces": 8,
        "ban": 8,
        "following": 8,
        "suspends": 8,
        "sent": 8,
        "accused": 7,
        "told": 7,
        "tells": 7,
        "called": 7,
        "refusing": 7,
        "calls": 7,
        "pay": 7
    },
    "most_common_adjectives": {
        "black": 35,
        "old": 25,
        "guilty": 24,
        "federal": 20,
        "dead": 16,
        "positive": 12,
        "covid": 12,
        "presidential": 11,
        "uvalde": 11,
        "high": 11,
        "sandy": 10,
        "sexual": 10,
        "new": 9,
        "white": 9,
        "net": 8,
        "armed": 8,
        "free": 8,
        "gay": 7,
        "legal": 7,
        "proud": 7,
        "young": 7,
        "russian": 6,
        "social": 6,
        "ahmaud": 6,
        "entire": 6,
        "secret": 6,
        "second": 6,
        "national": 6,
        "medical": 6,
        "political": 6
    },
    "most_common_adverbs": {
        "nearly": 12,
        "permanently": 7,
        "longer": 6,
        "officially": 4,
        "allegedly": 4,
        "later": 4,
        "illegally": 4,
        "weinstein": 3,
        "formally": 3,
        "repeatedly": 3,
        "fully": 2,
        "accidentally": 2,
        "deadly": 2,
        "publicly": 2,
        "home": 2,
        "immediately": 2,
        "reportedly": 2,
        "instead": 2,
        "digitally": 1,
        "extraordinarily": 1,
        "quietly": 1,
        "fast": 1,
        "online": 1,
        "limbaugh": 1,
        "violently": 1,
        "upwards": 1,
        "subreddit": 1,
        "criminally": 1,
        "legally": 1,
        "statewide": 1
    },
    "most_common_bigrams": {
        "year old": 22,
        "elon musk": 18,
        "found guilty": 17,
        "supreme court": 17,
        "george floyd": 16,
        "donald trump": 15,
        "new york": 14,
        "alex jones": 13,
        "sandy hook": 13,
        "jeffrey epstein": 12
    },
    "most_common_trigrams": {
        "sentenced years prison": 7,
        "president donald trump": 6,
        "year old girl": 5,
        "new york city": 5,
        "supreme court rules": 4,
        "marjorie taylor greene": 4,
        "proud boys leader": 4,
        "sandy hook families": 4,
        "george floyd death": 3,
        "tested positive coronavirus": 3
    },
    "subscribers": 31040173,
    "description": "The place for news articles about current events in the United States and the rest of the world. Discuss it all here.",
    "created_date": "2008-01-25",
    "display_name": "news"
}