{
    "pos_ratios": {
        "VERB": 0.168,
        "NOUN": 0.39758490566037735,
        "ADJ": 0.10415094339622641,
        "PROPN": 0.29252830188679246,
        "ADV": 0.02369811320754717,
        "AUX": 0.003169811320754717,
        "ADP": 0.005283018867924529,
        "SCONJ": 0.0012075471698113208,
        "DET": 0.0003018867924528302,
        "NUM": 0.001660377358490566,
        "INTJ": 0.0006037735849056604,
        "PRON": 0.0004528301886792453,
        "SPACE": 0.0007547169811320754,
        "X": 0.0006037735849056604
    },
    "word_length_distributions": {
        "nouns": {
            "3": 287,
            "4": 450,
            "5": 552,
            "6": 403,
            "7": 396,
            "8": 218,
            "9": 111,
            "10": 61,
            "11": 96,
            "12": 52,
            "13": 3,
            "14": 4,
            "18": 1
        },
        "verbs": {
            "3": 71,
            "4": 174,
            "5": 160,
            "6": 189,
            "7": 274,
            "8": 125,
            "9": 47,
            "10": 47,
            "11": 15,
            "12": 6,
            "13": 3,
            "14": 1,
            "16": 1
        },
        "adjectives": {
            "3": 77,
            "4": 105,
            "5": 201,
            "6": 102,
            "7": 72,
            "8": 65,
            "9": 26,
            "10": 16,
            "11": 11,
            "12": 6,
            "13": 2,
            "14": 7
        },
        "adverbs": {
            "3": 26,
            "4": 23,
            "5": 41,
            "6": 11,
            "7": 11,
            "8": 18,
            "9": 7,
            "10": 11,
            "12": 5,
            "13": 3,
            "14": 1
        }
    },
    "most_common_words": {
        "dad": 74,
        "years": 67,
        "great": 61,
        "mom": 53,
        "old": 51,
        "grandpa": 43,
        "day": 41,
        "early": 39,
        "photo": 38,
        "grandfather": 38,
        "school": 38,
        "picture": 38,
        "circa": 37,
        "year": 35,
        "grandmother": 34,
        "grandma": 33,
        "today": 31,
        "parents": 29,
        "late": 29,
        "like": 28,
        "wedding": 26,
        "woman": 25,
        "grandparents": 25,
        "uncle": 24,
        "war": 24,
        "father": 23,
        "ago": 23,
        "birthday": 22,
        "man": 21,
        "new": 21
    },
    "most_common_nouns": {
        "years": 67,
        "dad": 48,
        "mom": 39,
        "picture": 37,
        "day": 36,
        "school": 36,
        "grandfather": 34,
        "grandmother": 32,
        "today": 31,
        "grandma": 31,
        "year": 31,
        "photo": 29,
        "parents": 27,
        "wedding": 26,
        "woman": 25,
        "grandparents": 21,
        "mother": 19,
        "birthday": 19,
        "man": 18,
        "grandpa": 17,
        "time": 16,
        "friend": 13,
        "war": 13,
        "wife": 13,
        "life": 13,
        "age": 13,
        "family": 12,
        "world": 10,
        "girl": 10,
        "pictures": 9
    },
    "most_common_verbs": {
        "looking": 20,
        "grandpa": 16,
        "taken": 14,
        "took": 12,
        "found": 12,
        "got": 11,
        "married": 10,
        "set": 10,
        "holding": 9,
        "dressed": 9,
        "turned": 8,
        "came": 8,
        "said": 8,
        "going": 8,
        "went": 8,
        "left": 8,
        "wearing": 8,
        "know": 8,
        "met": 7,
        "look": 7,
        "thought": 7,
        "born": 7,
        "gave": 7,
        "looked": 6,
        "showed": 6,
        "taking": 6,
        "playing": 6,
        "hit": 6,
        "wanted": 6,
        "protesting": 6
    },
    "most_common_adjectives": {
        "great": 58,
        "old": 47,
        "early": 30,
        "high": 16,
        "late": 14,
        "young": 13,
        "cool": 11,
        "black": 9,
        "original": 7,
        "new": 7,
        "little": 7,
        "favorite": 7,
        "best": 7,
        "right": 6,
        "happy": 6,
        "mid": 5,
        "famous": 5,
        "public": 5,
        "schwarzenegger": 5,
        "white": 4,
        "jewish": 4,
        "dead": 4,
        "iconic": 4,
        "coolest": 4,
        "american": 4,
        "local": 4,
        "live": 4,
        "japanese": 4,
        "italian": 4,
        "pet": 3
    },
    "most_common_adverbs": {
        "ago": 23,
        "later": 16,
        "late": 9,
        "early": 8,
        "dolly": 4,
        "originally": 3,
        "likely": 3,
        "sure": 3,
        "finally": 3,
        "recently": 3,
        "right": 3,
        "exactly": 3,
        "straight": 2,
        "best": 2,
        "publicly": 2,
        "ahead": 2,
        "long": 2,
        "successfully": 2,
        "way": 2,
        "probably": 2,
        "casually": 2,
        "away": 2,
        "newly": 2,
        "ridiculously": 2,
        "billy": 1,
        "accidently": 1,
        "provocatively": 1,
        "periodically": 1,
        "truly": 1,
        "simply": 1
    },
    "most_common_bigrams": {
        "years ago": 19,
        "year old": 17,
        "high school": 14,
        "great great": 14,
        "wedding day": 13,
        "years old": 13,
        "new york": 12,
        "years later": 11,
        "great grandmother": 11,
        "princess diana": 10
    },
    "most_common_trigrams": {
        "years ago today": 6,
        "great great great": 4,
        "parents wedding day": 3,
        "mom years old": 3,
        "new york city": 3,
        "wedding day christmas": 2,
        "inventor super soaker": 2,
        "burlington mayor bernie": 2,
        "mayor bernie sanders": 2,
        "bernie sanders picks": 2
    },
    "subscribers": 19403438,
    "description": "/r/OldSchoolCool\n\n**History's cool kids, looking fantastic!**\n\nA pictorial and video celebration of history's coolest kids, everything from beatniks to bikers, mods to rude boys, hippies to ravers. And everything in between. \n\nIf you've found a photo, or a photo essay, of people from the past looking fantastic, here's the place to share it.",
    "created_date": "2012-04-21",
    "display_name": "OldSchoolCool"
}