{
    "pos_ratios": {
        "NOUN": 0.5089926303617949,
        "ADV": 0.048153411069781694,
        "VERB": 0.25218372549839096,
        "SCONJ": 0.0014767138936487372,
        "INTJ": 0.0027514244716568452,
        "PROPN": 0.04290829049469915,
        "ADJ": 0.12687897911703655,
        "ADP": 0.00618548083754754,
        "AUX": 0.00705618478427439,
        "X": 0.001337401262172441,
        "PART": 4.875942101670358e-05,
        "PRON": 0.000550284894331369,
        "CCONJ": 0.0006478037363647762,
        "NUM": 0.0006617349995124058,
        "DET": 0.00016020952619774035,
        "PUNCT": 6.965631573814798e-06
    },
    "word_length_distributions": {
        "nouns": {
            "3": 5698,
            "4": 15296,
            "5": 13643,
            "6": 12240,
            "7": 9796,
            "8": 6665,
            "9": 4116,
            "10": 2433,
            "11": 1667,
            "12": 805,
            "13": 379,
            "14": 157,
            "15": 152,
            "16": 15,
            "17": 3,
            "18": 1,
            "19": 1,
            "20": 1,
            "21": 4
        },
        "verbs": {
            "1": 2,
            "3": 2605,
            "4": 7616,
            "5": 5998,
            "6": 6271,
            "7": 5984,
            "8": 3742,
            "9": 2147,
            "10": 1136,
            "11": 460,
            "12": 137,
            "13": 77,
            "14": 15,
            "15": 9,
            "16": 3,
            "20": 1,
            "43": 1
        },
        "adjectives": {
            "3": 1457,
            "4": 3300,
            "5": 3273,
            "6": 2846,
            "7": 2339,
            "8": 1798,
            "9": 1556,
            "10": 858,
            "11": 465,
            "12": 187,
            "13": 97,
            "14": 27,
            "15": 9,
            "16": 2,
            "17": 1
        },
        "adverbs": {
            "3": 375,
            "4": 744,
            "5": 679,
            "6": 796,
            "7": 937,
            "8": 968,
            "9": 820,
            "10": 786,
            "11": 424,
            "12": 203,
            "13": 149,
            "14": 24,
            "15": 7,
            "20": 1
        }
    },
    "most_common_words": {
        "money": 1220,
        "credit": 1026,
        "account": 904,
        "time": 860,
        "pay": 835,
        "like": 788,
        "edit": 784,
        "know": 701,
        "people": 696,
        "year": 668,
        "years": 650,
        "bank": 619,
        "work": 590,
        "month": 577,
        "job": 575,
        "got": 568,
        "car": 550,
        "new": 546,
        "going": 544,
        "want": 539,
        "card": 523,
        "said": 494,
        "need": 487,
        "company": 476,
        "good": 455,
        "help": 440,
        "income": 420,
        "insurance": 411,
        "told": 407,
        "way": 389
    },
    "most_common_nouns": {
        "money": 1209,
        "credit": 1020,
        "time": 846,
        "account": 802,
        "people": 696,
        "year": 662,
        "years": 645,
        "edit": 599,
        "job": 571,
        "month": 561,
        "car": 548,
        "card": 520,
        "work": 501,
        "company": 463,
        "income": 418,
        "pay": 400,
        "insurance": 397,
        "debt": 385,
        "advice": 384,
        "bank": 376,
        "tax": 371,
        "loan": 370,
        "months": 354,
        "way": 352,
        "number": 336,
        "payment": 332,
        "lot": 331,
        "things": 324,
        "day": 319,
        "loans": 316
    },
    "most_common_verbs": {
        "know": 497,
        "said": 493,
        "going": 487,
        "want": 446,
        "got": 443,
        "pay": 413,
        "told": 404,
        "paid": 380,
        "paying": 312,
        "called": 309,
        "think": 302,
        "need": 267,
        "making": 259,
        "asked": 258,
        "went": 257,
        "getting": 233,
        "find": 219,
        "received": 217,
        "feel": 211,
        "thank": 211,
        "wanted": 210,
        "buy": 193,
        "found": 190,
        "trying": 184,
        "let": 183,
        "working": 174,
        "sent": 174,
        "took": 162,
        "saying": 158,
        "use": 157
    },
    "most_common_adjectives": {
        "new": 513,
        "good": 445,
        "financial": 249,
        "able": 239,
        "free": 232,
        "old": 211,
        "great": 207,
        "personal": 197,
        "best": 194,
        "little": 189,
        "right": 175,
        "different": 167,
        "sure": 165,
        "worth": 164,
        "long": 163,
        "bad": 144,
        "better": 141,
        "small": 141,
        "possible": 141,
        "current": 139,
        "monthly": 138,
        "high": 137,
        "big": 130,
        "extra": 128,
        "single": 121,
        "hard": 102,
        "average": 101,
        "real": 101,
        "online": 100,
        "live": 99
    },
    "most_common_adverbs": {
        "ago": 216,
        "actually": 189,
        "sure": 181,
        "probably": 158,
        "later": 153,
        "pretty": 141,
        "instead": 137,
        "currently": 137,
        "away": 123,
        "finally": 121,
        "immediately": 120,
        "recently": 108,
        "maybe": 94,
        "especially": 93,
        "far": 91,
        "basically": 90,
        "right": 89,
        "usually": 85,
        "definitely": 82,
        "completely": 82,
        "soon": 79,
        "financially": 77,
        "better": 73,
        "directly": 72,
        "long": 67,
        "obviously": 65,
        "absolutely": 65,
        "hopefully": 63,
        "honestly": 63,
        "likely": 63
    },
    "most_common_bigrams": {
        "credit card": 256,
        "student loans": 104,
        "credit cards": 103,
        "credit score": 88,
        "bank account": 86,
        "years ago": 83,
        "student loan": 76,
        "feel like": 75,
        "emergency fund": 75,
        "wells fargo": 74
    },
    "most_common_trigrams": {
        "credit card debt": 39,
        "economics finance domain": 30,
        "finance domain core": 30,
        "domain core finance": 30,
        "long story short": 18,
        "credit card company": 16,
        "use credit card": 13,
        "social security number": 13,
        "student loan debt": 10,
        "average life expectancy": 10
    }
}