{
    "pos_ratios": {
        "PROPN": 0.03647139513819444,
        "VERB": 0.3156613385410395,
        "NOUN": 0.4276043330069791,
        "INTJ": 0.0045968827061921794,
        "PRON": 0.0006701605767569464,
        "ADV": 0.061827548835334215,
        "ADJ": 0.12785930816391708,
        "ADP": 0.009947696061235923,
        "AUX": 0.009911046654694528,
        "SCONJ": 0.0034188660673616094,
        "X": 0.0010890109372300378,
        "NUM": 0.00040314347195535057,
        "DET": 0.00023560332776611395,
        "CCONJ": 0.00028272399331933675,
        "PUNCT": 5.235629505913644e-06,
        "PART": 1.570688851774093e-05
    },
    "word_length_distributions": {
        "nouns": {
            "3": 7559,
            "4": 19296,
            "5": 15101,
            "6": 14125,
            "7": 10469,
            "8": 6439,
            "9": 3887,
            "10": 2009,
            "11": 1091,
            "12": 1205,
            "13": 375,
            "14": 72,
            "15": 14,
            "16": 19,
            "17": 4,
            "18": 1,
            "19": 4,
            "20": 1,
            "22": 1
        },
        "verbs": {
            "3": 3345,
            "4": 16076,
            "5": 10623,
            "6": 10096,
            "7": 10168,
            "8": 4806,
            "9": 2703,
            "10": 1523,
            "11": 630,
            "12": 230,
            "13": 68,
            "14": 14,
            "15": 3,
            "16": 6
        },
        "adjectives": {
            "3": 1616,
            "4": 4928,
            "5": 5182,
            "6": 3678,
            "7": 2812,
            "8": 2510,
            "9": 1661,
            "10": 976,
            "11": 560,
            "12": 229,
            "13": 226,
            "14": 30,
            "15": 11,
            "16": 2
        },
        "adverbs": {
            "3": 805,
            "4": 1532,
            "5": 1427,
            "6": 1368,
            "7": 1478,
            "8": 1651,
            "9": 1283,
            "10": 1419,
            "11": 462,
            "12": 224,
            "13": 114,
            "14": 28,
            "15": 16,
            "16": 2
        }
    },
    "most_common_words": {
        "like": 2082,
        "know": 1919,
        "said": 1820,
        "told": 1790,
        "time": 1473,
        "want": 1392,
        "going": 1227,
        "got": 1168,
        "think": 1017,
        "feel": 970,
        "things": 938,
        "wife": 937,
        "asked": 874,
        "update": 844,
        "years": 809,
        "family": 799,
        "people": 788,
        "went": 788,
        "husband": 751,
        "wanted": 751,
        "friends": 726,
        "work": 723,
        "post": 713,
        "home": 699,
        "lot": 686,
        "started": 676,
        "life": 673,
        "day": 656,
        "way": 639,
        "friend": 631
    },
    "most_common_nouns": {
        "time": 1457,
        "things": 937,
        "wife": 917,
        "years": 805,
        "people": 788,
        "family": 772,
        "update": 747,
        "friends": 701,
        "lot": 679,
        "life": 670,
        "post": 656,
        "work": 639,
        "day": 629,
        "friend": 623,
        "relationship": 611,
        "mom": 588,
        "parents": 585,
        "way": 570,
        "night": 560,
        "husband": 556,
        "boyfriend": 549,
        "home": 547,
        "talk": 531,
        "advice": 530,
        "sister": 515,
        "comments": 500,
        "thing": 487,
        "love": 471,
        "year": 465,
        "sex": 425
    },
    "most_common_verbs": {
        "said": 1816,
        "told": 1778,
        "know": 1265,
        "want": 1132,
        "going": 1068,
        "got": 893,
        "feel": 875,
        "asked": 873,
        "think": 803,
        "went": 763,
        "wanted": 689,
        "started": 666,
        "happened": 459,
        "tried": 435,
        "found": 431,
        "saying": 426,
        "trying": 424,
        "came": 415,
        "felt": 385,
        "took": 384,
        "tell": 383,
        "having": 379,
        "thought": 372,
        "come": 368,
        "left": 367,
        "decided": 359,
        "getting": 359,
        "knew": 333,
        "let": 333,
        "called": 327
    },
    "most_common_adjectives": {
        "good": 532,
        "best": 406,
        "little": 379,
        "right": 345,
        "happy": 306,
        "new": 278,
        "able": 274,
        "long": 270,
        "bad": 262,
        "original": 249,
        "old": 239,
        "wrong": 229,
        "great": 222,
        "sorry": 221,
        "angry": 202,
        "sure": 199,
        "better": 192,
        "pregnant": 189,
        "different": 188,
        "big": 188,
        "weird": 163,
        "hard": 146,
        "normal": 146,
        "close": 142,
        "nice": 137,
        "second": 130,
        "mad": 129,
        "small": 126,
        "upset": 126,
        "high": 125
    },
    "most_common_adverbs": {
        "ago": 502,
        "pretty": 321,
        "actually": 319,
        "away": 282,
        "basically": 281,
        "honestly": 259,
        "maybe": 254,
        "later": 246,
        "sure": 245,
        "completely": 244,
        "probably": 242,
        "anymore": 208,
        "right": 206,
        "finally": 175,
        "soon": 168,
        "absolutely": 166,
        "far": 166,
        "better": 159,
        "long": 150,
        "apparently": 147,
        "immediately": 143,
        "obviously": 141,
        "home": 134,
        "instead": 126,
        "literally": 124,
        "definitely": 121,
        "eventually": 120,
        "recently": 117,
        "extremely": 110,
        "especially": 108
    },
    "most_common_bigrams": {
        "feel like": 304,
        "best friend": 157,
        "original post": 142,
        "years ago": 142,
        "felt like": 109,
        "months ago": 96,
        "year old": 94,
        "having sex": 74,
        "feels like": 73,
        "let know": 73
    },
    "most_common_trigrams": {
        "long story short": 23,
        "original post comments": 16,
        "wife married years": 14,
        "year old daughter": 14,
        "link original post": 11,
        "original post update": 11,
        "having hard time": 11,
        "makes feel like": 10,
        "year old son": 9,
        "long time ago": 9
    },
    "subscribers": 15606628,
    "description": "Need help with your relationship? Whether it's romance, friendship, family, co-workers, or basic human interaction: we're here to help!",
    "created_date": "2009-06-15",
    "display_name": "relationship_advice"
}