{
    "pos_ratios": {
        "NOUN": 0.4588727732892047,
        "ADJ": 0.1298549596028424,
        "VERB": 0.19010999707972354,
        "SCONJ": 0.0015574807748466855,
        "ADV": 0.030565560206366204,
        "PROPN": 0.17268568091112627,
        "AUX": 0.0028229339044096176,
        "ADP": 0.007495376228949674,
        "NUM": 0.004477757227684221,
        "INTJ": 0.0009734254842791784,
        "DET": 9.734254842791784e-05,
        "X": 0.0002920276452837535,
        "PRON": 9.734254842791784e-05,
        "CCONJ": 9.734254842791784e-05
    },
    "word_length_distributions": {
        "nouns": {
            "3": 247,
            "4": 831,
            "5": 1070,
            "6": 784,
            "7": 608,
            "8": 396,
            "9": 311,
            "10": 267,
            "11": 114,
            "12": 34,
            "13": 21,
            "14": 15,
            "15": 5,
            "16": 10,
            "18": 1
        },
        "verbs": {
            "3": 104,
            "4": 345,
            "5": 270,
            "6": 322,
            "7": 295,
            "8": 336,
            "9": 141,
            "10": 74,
            "11": 21,
            "12": 33,
            "13": 11,
            "14": 1
        },
        "adjectives": {
            "3": 76,
            "4": 210,
            "5": 329,
            "6": 166,
            "7": 176,
            "8": 159,
            "9": 63,
            "10": 59,
            "11": 24,
            "12": 20,
            "13": 49,
            "14": 1,
            "16": 1,
            "17": 1
        },
        "adverbs": {
            "3": 52,
            "4": 33,
            "5": 20,
            "6": 53,
            "7": 32,
            "8": 31,
            "9": 27,
            "10": 24,
            "11": 9,
            "12": 24,
            "13": 8,
            "15": 1
        }
    },
    "most_common_words": {
        "space": 193,
        "moon": 161,
        "nasa": 117,
        "image": 89,
        "telescope": 83,
        "captured": 79,
        "mars": 71,
        "years": 70,
        "earth": 66,
        "way": 66,
        "launch": 65,
        "shot": 55,
        "took": 54,
        "star": 53,
        "photo": 53,
        "milky": 48,
        "station": 47,
        "spacex": 46,
        "time": 45,
        "rocket": 45,
        "images": 44,
        "ago": 41,
        "iss": 41,
        "picture": 41,
        "new": 41,
        "night": 40,
        "galaxy": 38,
        "international": 38,
        "sun": 37,
        "like": 37
    },
    "most_common_nouns": {
        "space": 159,
        "image": 84,
        "moon": 82,
        "years": 70,
        "way": 63,
        "telescope": 58,
        "earth": 55,
        "launch": 54,
        "station": 46,
        "rocket": 43,
        "time": 42,
        "photo": 42,
        "hours": 37,
        "picture": 37,
        "images": 36,
        "mars": 36,
        "star": 36,
        "exposure": 34,
        "year": 34,
        "night": 34,
        "galaxy": 33,
        "today": 31,
        "hole": 28,
        "camera": 28,
        "video": 27,
        "saturn": 26,
        "sun": 25,
        "shot": 25,
        "falcon": 22,
        "comments": 21
    },
    "most_common_verbs": {
        "captured": 79,
        "took": 54,
        "mars": 33,
        "iss": 28,
        "taken": 27,
        "spacex": 27,
        "seen": 25,
        "photographed": 17,
        "shot": 17,
        "found": 15,
        "created": 13,
        "create": 13,
        "going": 13,
        "spent": 12,
        "discovered": 12,
        "got": 12,
        "try": 11,
        "landing": 11,
        "says": 11,
        "send": 11,
        "capture": 10,
        "left": 10,
        "called": 10,
        "sent": 10,
        "lost": 9,
        "pointed": 8,
        "caught": 8,
        "thank": 8,
        "images": 8,
        "look": 7
    },
    "most_common_adjectives": {
        "milky": 47,
        "international": 38,
        "black": 29,
        "new": 29,
        "solar": 25,
        "light": 22,
        "high": 20,
        "lunar": 20,
        "able": 19,
        "best": 19,
        "hubble": 16,
        "favorite": 15,
        "deep": 13,
        "right": 12,
        "long": 12,
        "largest": 12,
        "free": 12,
        "heavy": 11,
        "old": 10,
        "detailed": 10,
        "real": 10,
        "red": 10,
        "second": 10,
        "great": 10,
        "dark": 9,
        "blue": 8,
        "highest": 8,
        "proud": 8,
        "recent": 8,
        "possible": 8
    },
    "most_common_adverbs": {
        "ago": 38,
        "nearly": 21,
        "away": 20,
        "far": 13,
        "successfully": 12,
        "actually": 8,
        "currently": 7,
        "finally": 7,
        "exactly": 6,
        "completely": 6,
        "incredibly": 6,
        "fully": 5,
        "recently": 5,
        "instead": 5,
        "pretty": 4,
        "roughly": 3,
        "sure": 3,
        "soon": 3,
        "properly": 3,
        "temporarily": 3,
        "easily": 3,
        "slowly": 3,
        "fairly": 3,
        "later": 3,
        "potentially": 3,
        "proudly": 2,
        "safely": 2,
        "newly": 2,
        "probably": 2,
        "twice": 2
    },
    "most_common_bigrams": {
        "milky way": 48,
        "space station": 46,
        "international space": 37,
        "black hole": 24,
        "years ago": 24,
        "james webb": 21,
        "space telescope": 21,
        "andromeda galaxy": 16,
        "space shuttle": 15,
        "elon musk": 15
    },
    "most_common_trigrams": {
        "international space station": 37,
        "james webb space": 13,
        "webb space telescope": 13,
        "years ago today": 7,
        "light years away": 6,
        "light polluted city": 6,
        "hubble space telescope": 5,
        "supermassive black hole": 5,
        "image black hole": 4,
        "spacex falcon rocket": 4
    }
}