{
    "pos_ratios": {
        "NOUN": 0.4069546318935072,
        "VERB": 0.1778049443086118,
        "ADJ": 0.10309698451507743,
        "ADV": 0.019695734854659062,
        "PROPN": 0.27900027166530833,
        "PRON": 0.0005433306166802499,
        "ADP": 0.003667481662591687,
        "AUX": 0.005025808204292312,
        "INTJ": 0.0005433306166802499,
        "SCONJ": 0.0009508285791904374,
        "CCONJ": 0.00040749796251018743,
        "DET": 0.00027166530834012495,
        "NUM": 0.0014941591958706874,
        "X": 0.00027166530834012495,
        "SPACE": 0.00027166530834012495
    },
    "word_length_distributions": {
        "nouns": {
            "3": 212,
            "4": 697,
            "5": 590,
            "6": 515,
            "7": 410,
            "8": 253,
            "9": 129,
            "10": 86,
            "11": 47,
            "12": 37,
            "13": 17,
            "14": 1,
            "15": 2
        },
        "verbs": {
            "3": 77,
            "4": 284,
            "5": 235,
            "6": 224,
            "7": 228,
            "8": 122,
            "9": 64,
            "10": 41,
            "11": 17,
            "12": 10,
            "13": 6,
            "16": 1
        },
        "adjectives": {
            "3": 72,
            "4": 138,
            "5": 144,
            "6": 102,
            "7": 110,
            "8": 71,
            "9": 53,
            "10": 37,
            "11": 11,
            "12": 10,
            "13": 10,
            "15": 1
        },
        "adverbs": {
            "3": 19,
            "4": 17,
            "5": 15,
            "6": 13,
            "7": 25,
            "8": 19,
            "9": 11,
            "10": 14,
            "11": 4,
            "12": 2,
            "13": 3,
            "14": 1,
            "15": 2
        }
    },
    "most_common_words": {
        "game": 89,
        "world": 67,
        "fan": 50,
        "ball": 43,
        "goal": 40,
        "team": 38,
        "gets": 36,
        "time": 34,
        "shot": 33,
        "cup": 33,
        "player": 32,
        "year": 28,
        "old": 26,
        "field": 26,
        "football": 26,
        "years": 26,
        "nfl": 24,
        "players": 22,
        "young": 22,
        "today": 21,
        "home": 21,
        "win": 20,
        "run": 20,
        "new": 20,
        "championship": 19,
        "high": 19,
        "coach": 18,
        "school": 18,
        "touchdown": 18,
        "history": 18
    },
    "most_common_nouns": {
        "game": 76,
        "goal": 38,
        "team": 35,
        "fan": 32,
        "world": 30,
        "ball": 30,
        "player": 30,
        "year": 27,
        "time": 26,
        "years": 26,
        "football": 24,
        "field": 24,
        "players": 22,
        "today": 21,
        "man": 17,
        "fans": 17,
        "coach": 16,
        "pitch": 16,
        "history": 16,
        "gold": 15,
        "championship": 15,
        "record": 15,
        "home": 14,
        "school": 14,
        "baseball": 13,
        "court": 12,
        "shot": 12,
        "tennis": 12,
        "basketball": 12,
        "run": 11
    },
    "most_common_verbs": {
        "gets": 28,
        "hits": 15,
        "makes": 14,
        "shot": 13,
        "wins": 13,
        "gives": 11,
        "hit": 11,
        "left": 11,
        "pass": 10,
        "says": 10,
        "play": 10,
        "got": 9,
        "beat": 9,
        "stands": 9,
        "run": 8,
        "win": 7,
        "won": 7,
        "went": 7,
        "shows": 7,
        "playing": 7,
        "celebrating": 7,
        "takes": 7,
        "played": 7,
        "winning": 7,
        "look": 6,
        "throws": 6,
        "looks": 6,
        "throw": 6,
        "getting": 6,
        "goes": 6
    },
    "most_common_adjectives": {
        "old": 24,
        "young": 20,
        "high": 17,
        "olympic": 13,
        "new": 13,
        "amazing": 12,
        "open": 11,
        "japanese": 10,
        "little": 9,
        "perfect": 9,
        "best": 9,
        "blind": 8,
        "final": 8,
        "good": 8,
        "professional": 7,
        "fake": 7,
        "free": 7,
        "right": 6,
        "impressive": 6,
        "big": 6,
        "nhl": 6,
        "international": 6,
        "happy": 6,
        "entire": 5,
        "greatest": 5,
        "half": 5,
        "spinal": 5,
        "tony": 5,
        "black": 5,
        "foul": 4
    },
    "most_common_adverbs": {
        "ago": 16,
        "instead": 5,
        "shazier": 4,
        "reportedly": 4,
        "downhill": 4,
        "absolutely": 3,
        "super": 3,
        "hard": 3,
        "finally": 3,
        "officially": 3,
        "away": 3,
        "long": 3,
        "unintentionally": 2,
        "immediately": 2,
        "ahead": 2,
        "normally": 2,
        "pel\u00e9": 2,
        "barely": 2,
        "literally": 2,
        "perfectly": 2,
        "longest": 2,
        "currently": 2,
        "better": 2,
        "oddly": 2,
        "pretty": 2,
        "longer": 2,
        "sure": 1,
        "earlier": 1,
        "braver": 1,
        "fastest": 1
    },
    "most_common_bigrams": {
        "world cup": 27,
        "year old": 18,
        "years ago": 13,
        "high school": 12,
        "home run": 11,
        "young fan": 11,
        "lebron james": 10,
        "super bowl": 9,
        "ago today": 9,
        "field goal": 9
    },
    "most_common_trigrams": {
        "years ago today": 9,
        "half court shot": 4,
        "yard field goal": 4,
        "steelers ryan shazier": 3,
        "hidden ball trick": 3,
        "fifa world cup": 3,
        "rugby league player": 3,
        "day years ago": 3,
        "powerlifter jessica buettner": 3,
        "win olympic gold": 2
    }
}