{
    "pos_ratios": {
        "PROPN": 0.053555573094453544,
        "VERB": 0.2792811901896174,
        "NOUN": 0.4487036562025217,
        "ADJ": 0.12979222982971922,
        "ADV": 0.060135948383023226,
        "ADP": 0.009387147057082535,
        "INTJ": 0.005796057694204929,
        "X": 0.0011049505731931099,
        "AUX": 0.00779878060811744,
        "PRON": 0.0007399222588346717,
        "SCONJ": 0.0024713403445078036,
        "CCONJ": 0.0003748939444762337,
        "DET": 0.0003304986089461534,
        "NUM": 0.0005080799510664746,
        "PART": 1.9731260235591246e-05
    },
    "word_length_distributions": {
        "nouns": {
            "3": 9178,
            "4": 22889,
            "5": 18584,
            "6": 14340,
            "7": 10997,
            "8": 6763,
            "9": 3790,
            "10": 2234,
            "11": 1048,
            "12": 716,
            "13": 312,
            "14": 60,
            "15": 30,
            "16": 10,
            "17": 5,
            "18": 3,
            "20": 3,
            "24": 1
        },
        "verbs": {
            "1": 2,
            "3": 3548,
            "4": 12378,
            "5": 9019,
            "6": 9822,
            "7": 11277,
            "8": 5681,
            "9": 2683,
            "10": 1345,
            "11": 523,
            "12": 212,
            "13": 95,
            "14": 15,
            "15": 6,
            "16": 8,
            "17": 1,
            "18": 2
        },
        "adjectives": {
            "3": 2269,
            "4": 5610,
            "5": 5913,
            "6": 4348,
            "7": 2826,
            "8": 2214,
            "9": 1422,
            "10": 831,
            "11": 480,
            "12": 235,
            "13": 124,
            "14": 26,
            "15": 8,
            "16": 6
        },
        "adverbs": {
            "3": 790,
            "4": 1536,
            "5": 1478,
            "6": 1448,
            "7": 1672,
            "8": 1740,
            "9": 1232,
            "10": 1135,
            "11": 531,
            "12": 391,
            "13": 149,
            "14": 57,
            "15": 21,
            "16": 6,
            "20": 4,
            "42": 1
        }
    },
    "most_common_words": {
        "like": 1806,
        "time": 1302,
        "got": 1175,
        "tifu": 1146,
        "know": 1047,
        "edit": 921,
        "said": 897,
        "going": 844,
        "thought": 812,
        "went": 782,
        "wife": 762,
        "people": 734,
        "happened": 718,
        "day": 696,
        "think": 676,
        "told": 656,
        "years": 620,
        "work": 601,
        "started": 590,
        "good": 578,
        "little": 576,
        "home": 575,
        "ago": 566,
        "room": 555,
        "way": 530,
        "night": 527,
        "right": 522,
        "getting": 519,
        "dad": 511,
        "tell": 495
    },
    "most_common_nouns": {
        "time": 1270,
        "wife": 751,
        "people": 731,
        "day": 676,
        "edit": 656,
        "years": 618,
        "room": 553,
        "work": 542,
        "night": 508,
        "way": 481,
        "today": 474,
        "life": 472,
        "home": 456,
        "thing": 444,
        "things": 439,
        "phone": 435,
        "mom": 431,
        "dad": 424,
        "fuck": 402,
        "story": 397,
        "sex": 397,
        "friend": 379,
        "year": 378,
        "door": 378,
        "family": 376,
        "point": 372,
        "guy": 370,
        "parents": 366,
        "minutes": 365,
        "bed": 360
    },
    "most_common_verbs": {
        "said": 892,
        "got": 879,
        "went": 763,
        "going": 732,
        "know": 719,
        "happened": 715,
        "told": 651,
        "started": 576,
        "think": 548,
        "thought": 528,
        "asked": 473,
        "decided": 457,
        "getting": 407,
        "trying": 391,
        "came": 376,
        "took": 373,
        "feel": 369,
        "wanted": 364,
        "want": 355,
        "having": 334,
        "tell": 325,
        "let": 323,
        "found": 321,
        "left": 307,
        "come": 307,
        "felt": 304,
        "look": 301,
        "tried": 298,
        "looking": 272,
        "saying": 270
    },
    "most_common_adjectives": {
        "good": 557,
        "little": 552,
        "old": 392,
        "new": 363,
        "right": 307,
        "bad": 262,
        "big": 262,
        "great": 249,
        "open": 232,
        "best": 207,
        "long": 195,
        "nice": 194,
        "tifu": 188,
        "wrong": 180,
        "small": 174,
        "sure": 166,
        "entire": 163,
        "weird": 158,
        "able": 155,
        "hot": 154,
        "different": 152,
        "funny": 152,
        "high": 147,
        "sorry": 144,
        "happy": 141,
        "reddit": 140,
        "second": 138,
        "real": 135,
        "hard": 134,
        "close": 134
    },
    "most_common_adverbs": {
        "ago": 546,
        "pretty": 419,
        "actually": 399,
        "later": 364,
        "away": 290,
        "finally": 259,
        "probably": 245,
        "immediately": 233,
        "sure": 217,
        "maybe": 203,
        "instead": 185,
        "right": 171,
        "literally": 165,
        "accidentally": 159,
        "apparently": 155,
        "quickly": 140,
        "soon": 138,
        "recently": 137,
        "completely": 133,
        "long": 129,
        "basically": 129,
        "obviously": 120,
        "eventually": 118,
        "usually": 118,
        "suddenly": 114,
        "definitely": 114,
        "super": 112,
        "far": 111,
        "fast": 110,
        "forward": 103
    },
    "most_common_bigrams": {
        "year old": 165,
        "years ago": 156,
        "feel like": 99,
        "felt like": 90,
        "weeks ago": 77,
        "fast forward": 75,
        "living room": 70,
        "months ago": 65,
        "happen today": 63,
        "looked like": 61
    },
    "most_common_trigrams": {
        "happened years ago": 39,
        "obligatory happen today": 27,
        "happened minutes ago": 20,
        "happened weeks ago": 16,
        "long story short": 15,
        "edit wow blew": 15,
        "year old son": 14,
        "having good time": 14,
        "couple weeks ago": 14,
        "today years ago": 14
    }
}