{
    "pos_ratios": {
        "VERB": 0.20224309291510897,
        "PROPN": 0.2361630345582201,
        "ADV": 0.04139691802680769,
        "NOUN": 0.3699279657153278,
        "ADJ": 0.13020880824291056,
        "AUX": 0.004559131941278381,
        "NUM": 0.0007294611106045409,
        "SCONJ": 0.002097200692988055,
        "ADP": 0.008662350688428922,
        "PRON": 0.0010030090270812437,
        "INTJ": 0.0014589222212090817,
        "X": 0.0010941916659068112,
        "CCONJ": 0.00018236527765113522,
        "DET": 0.0002735479164767028
    },
    "word_length_distributions": {
        "nouns": {
            "3": 247,
            "4": 1047,
            "5": 792,
            "6": 709,
            "7": 537,
            "8": 299,
            "9": 213,
            "10": 105,
            "11": 62,
            "12": 27,
            "13": 12,
            "14": 7
        },
        "verbs": {
            "3": 138,
            "4": 464,
            "5": 398,
            "6": 348,
            "7": 379,
            "8": 216,
            "9": 141,
            "10": 72,
            "11": 35,
            "12": 17,
            "13": 8,
            "14": 1,
            "16": 1
        },
        "adjectives": {
            "3": 79,
            "4": 223,
            "5": 272,
            "6": 199,
            "7": 184,
            "8": 190,
            "9": 182,
            "10": 60,
            "11": 24,
            "12": 7,
            "13": 8
        },
        "adverbs": {
            "3": 36,
            "4": 42,
            "5": 57,
            "6": 54,
            "7": 50,
            "8": 44,
            "9": 54,
            "10": 82,
            "11": 8,
            "12": 16,
            "13": 8,
            "14": 2,
            "16": 1
        }
    },
    "most_common_words": {
        "trip": 106,
        "beautiful": 81,
        "view": 77,
        "like": 70,
        "got": 61,
        "time": 61,
        "took": 60,
        "day": 56,
        "city": 52,
        "went": 49,
        "italy": 48,
        "place": 46,
        "country": 43,
        "year": 43,
        "switzerland": 42,
        "days": 42,
        "travel": 39,
        "japan": 36,
        "favorite": 35,
        "europe": 34,
        "visited": 33,
        "picture": 32,
        "week": 32,
        "night": 31,
        "spent": 31,
        "going": 31,
        "amazing": 31,
        "people": 30,
        "norway": 30,
        "guide": 29
    },
    "most_common_nouns": {
        "trip": 103,
        "view": 65,
        "time": 53,
        "day": 43,
        "country": 40,
        "year": 40,
        "place": 38,
        "days": 38,
        "city": 36,
        "travel": 34,
        "people": 30,
        "week": 30,
        "today": 29,
        "picture": 29,
        "night": 28,
        "places": 28,
        "years": 27,
        "photo": 24,
        "guide": 24,
        "hotel": 22,
        "town": 21,
        "water": 20,
        "jungle": 20,
        "road": 19,
        "life": 19,
        "visit": 18,
        "world": 18,
        "village": 17,
        "bit": 17,
        "morning": 17
    },
    "most_common_verbs": {
        "took": 57,
        "went": 49,
        "got": 44,
        "visited": 33,
        "spent": 31,
        "going": 29,
        "trying": 23,
        "taken": 22,
        "feel": 19,
        "told": 18,
        "visiting": 17,
        "looking": 16,
        "travelling": 16,
        "want": 15,
        "found": 15,
        "think": 15,
        "came": 14,
        "thought": 14,
        "walking": 14,
        "lost": 14,
        "asked": 13,
        "said": 13,
        "seen": 13,
        "come": 13,
        "left": 13,
        "find": 13,
        "felt": 11,
        "ended": 11,
        "leaving": 11,
        "traveling": 10
    },
    "most_common_adjectives": {
        "beautiful": 77,
        "favorite": 31,
        "amazing": 29,
        "little": 23,
        "old": 22,
        "best": 22,
        "great": 18,
        "incredible": 15,
        "small": 15,
        "good": 15,
        "worth": 14,
        "gorgeous": 14,
        "nice": 13,
        "new": 12,
        "lucky": 12,
        "favourite": 12,
        "bad": 10,
        "recent": 10,
        "magical": 10,
        "hot": 9,
        "early": 9,
        "young": 9,
        "stunning": 8,
        "airbnb": 8,
        "blue": 8,
        "big": 7,
        "local": 7,
        "cold": 7,
        "free": 7,
        "open": 7
    },
    "most_common_adverbs": {
        "ago": 21,
        "finally": 19,
        "absolutely": 17,
        "definitely": 16,
        "completely": 15,
        "extremely": 14,
        "truly": 14,
        "away": 11,
        "especially": 11,
        "probably": 11,
        "far": 10,
        "later": 9,
        "recently": 8,
        "currently": 8,
        "maybe": 8,
        "eventually": 8,
        "right": 7,
        "nearly": 7,
        "actually": 7,
        "pretty": 7,
        "instead": 6,
        "best": 6,
        "seriously": 5,
        "long": 5,
        "literally": 4,
        "online": 4,
        "ahead": 4,
        "abroad": 3,
        "constantly": 3,
        "better": 3
    },
    "most_common_bigrams": {
        "national park": 20,
        "road trip": 15,
        "feel like": 12,
        "machu picchu": 10,
        "beautiful place": 10,
        "recent trip": 9,
        "new zealand": 8,
        "young guy": 8,
        "spent days": 7,
        "took trip": 7
    },
    "most_common_trigrams": {
        "hot air balloon": 5,
        "year ago today": 5,
        "torres del paine": 3,
        "zion national park": 3,
        "road trip iceland": 3,
        "visited north korea": 2,
        "favorite travel photo": 2,
        "view lauterbrunnen valley": 2,
        "japan felt like": 2,
        "airbnb isle skye": 2
    }
}